newid,Undergrad School,Master's Degree School
277756,Arizona State University,Georgetown University
138887,Hong Kong University Of Science And Technology,University Of Oxford
43892,Seoul National University,Seoul National University
948565,University Of Chicago,"NA"
14018,Yale University,"NA"
512242,Yonsei University,University of London-London School of Economics & Political Sci
781176,London School of Economics,London School of Economics
904219,University Of Virginia,University of London-London School of Economics & Political Sci
328878,Tsinghua University,University Of Wisconsin-Madison
519707,Nanjing University,Shanghai Jiao Tong University
501226,University Of International Business & Economics,University Of Oxford
274494,University Of Michigan--Ann Arbor,"NA"
54499,Sarah Lawrence College,Columbia University
88872,Grove City College,"NA"
895004,Wittenberg University,"NA"
610791,University Of Tulsa,"NA"
710454,Wuhan University,Iowa State University of Science and Technology
873445,Universidade Catolica Portuguesa,Pont Univ of the Holy Cross
629741,Sharif University Of Technology,Sharif University Of Technology
541031,University Of Sydney,"NA"
654231,Peking University,Renmin University Of China In Beijing
675773,New York University,"NA"
472606,State University Of New York At Stony Brook,Columbia University
15374,Delhi University,Delhi School of Economics
716358,University Of Pennsylvania,"NA"
476904,"University Of California, Los Angeles",Tufts University
688858,Grinnell College,Harvard University
446511,Universidad De Guadalajara,El Colegio De Mexico
188335,Hautes Etudes Commerciales-Liege,Universite Catholique de Louvain
829115,University Of Chicago,"NA"
692009,Nankai University,Tufts University
432600,University Of Virginia,"NA"
122385,University Of Texas At Austin,"NA"
462935,University Of Alabama at Birmingham,University Of Alabama at Birmingham
975559,Universita Commerciale 'luigi Bocconi',Universita Commerciale 'luigi Bocconi'
470488,Lady Shri Ram College For Women,"NA"
294562,University Of Wisconsin-Madison,Washington University in St. Louis
1564,Columbia University,"NA"
321728,Princeton University,"NA"
384475,Middlebury College,"NA"
53296,Instituto Tecnologico Autonomo de Mexico,University Of Chicago
234831,Georgetown University,"NA"
505343,Colby College,"NA"
878201,Mount Holyoke College,"NA"
817935,Wuhan University,Wuhan University
731983,Yazd University,University Of Nebraska At Omaha
392111,University Of Hong Kong,University College London
201198,Harvard University,Harvard University
329533,Stanford University,Stanford University
508529,The Chinese Univ. of Hong Kong,The Chinese Univ. of Hong Kong
813722,Universidad Nacional De Colombia,El Colegio De Mexico
857211,Middlebury College,"NA"
412774,State University - Higher School of Economics,New Economic School
158980,Universita Commerciale 'luigi Bocconi',Universita Commerciale 'luigi Bocconi'
610939,Yale University,"NA"
349719,Morehouse College,"NA"
832161,Covenant University,University Of Southern California
516225,Vilnius Gediminas Technical University,Universite De Neuchatel
364835,Ivan Franko National University of Lviv,Center for Economic Research & Graduate Education-Econ. Inst.
420662,University Of Tehran,Sharif University Of Technology
423199,Colorado State University,"NA"
276512,Cornell University,Massachusetts Institute of Technology
405823,University Of Warwick,"NA"
233820,Fudan University,University Of Wisconsin-Madison
960100,Liaoning Normal University,Central Michigan University
181169,Peking University,University of London-London School of Economics & Political Sci
454601,Cornell University,"NA"
542363,Peking University,Chinese Academy Of Social Sciences
556622,University of London-London School of Economics & Political Sci,"NA"
131071,Macalester College,"NA"
919076,Soka University,University Of Tokyo
678814,Ohio State University,"NA"
778909,Brandeis University,Brandeis University
584313,University Of Chicago,"NA"
153758,ITAM,"NA"
256011,Chinese University Of Hong Kong,Harvard University
624967,University Of Southern California,Universidad Autonoma De Madrid
468156,Korea University,Korea University
542799,Reed College,"NA"
843543,Budapesti Corvinus Egyetem,Central European University
961259,University Of Delhi,"NA"
108819,University College London,Barcelona Graduate School of Economics
199799,Universidad Pompeu Fabra,"NA"
555953,Oberlin College,"NA"
450475,Russian-Armenian (Slavonic) University,Russian-Armenian (Slavonic) University
944221,Universita Degli Studi Di Torino,Collegio Carlo Alberto
728843,Columbia University,"NA"
298224,Williams College,"NA"
788796,Peking University,"University Of California, San Diego"
625700,Claremont McKenna College,"NA"
822284,University Of Missouri--Columbia,University Of Missouri--Columbia
654852,University Of Chicago,"NA"
249004,New York University,"NA"
172391,Smith College,"NA"
172993,"NA","NA"
669686,Bogazici University,Bogazici University
654403,National Chengchi University,Durham University
106702,Nanjing University,Columbia University
445016,"Rutgers, The State University Of New Jersey","NA"
896863,National Chengchi University,National Taiwan University
570581,Harvard University,"NA"
142314,Renmin University of China,York University
641658,University of St. Gallen,University of London-London School of Economics & Political Sci
395482,University Of Tokyo,University Of Tokyo
636171,Brandeis University,"NA"
130178,Oberlin College,"NA"
413668,Massachusetts Institute of Technology,"NA"
79809,National Taipei University,National Chengchi University
117932,Brown University,"NA"
79243,Peking University,"NA"
736634,New York University,"NA"
201846,Fudan University,Brown University
470871,North Carolina State University At Raleigh,"NA"
936715,"NA",University of London-London School of Economics & Political Sci
95321,"NA",Georgia State University
629768,University Of Wisconsin-Madison,"NA"
768986,Universitat Bern,Universitat Bern
662615,Princeton University,"NA"
36034,Peking University,Chinese University Of Hong Kong
456217,University of Illinois at Urbana-Champaign,"NA"
487030,Southern Methodist University,Southern Methodist University
900240,University Of Pennsylvania,"NA"
482684,Carnegie Mellon University,"NA"
986547,University Of The Phillippines,Universidad Pompeu Fabra
206403,University Of Florida,University Of Florida
684804,University Of Cambridge-Queen's College,University Of Oxford-Nuffield College
385916,Universite Catholique de Louvain,University of Geneva
733582,Sharif University of Technology,Sharif University of Technology
885571,"University Of California, Davis",Stanford University
822285,University Of Maryland At College Park,"NA"
995599,Peking University,University Of Wisconsin--Madison
592801,University Of Hong Kong,"NA"
876226,Allegheny College,"NA"
408120,University Of Washington,"NA"
646382,University Of Delhi,"NA"
106744,University Of Amsterdam,University Of Amsterdam
696600,"St. Xavier's College, Kolkata",Jadavpur University
952512,University Of British Columbia,Queens University
280342,Tsinghua University,"NA"
250025,Boston College,Gordon-Conwell Theological Seminary
310199,Nanyang Technological University,University of London-London School of Economics & Political Sci
747387,University Of Cambridge-Wolfson College,"NA"
147293,Peking University,Duke University
441362,Peking University,University Of Wisconsin-Madison
391999,Peking University,Peking University
927882,University Pantheon Assas (paris Ii),Paris School of Economics
187678,Universidad De Chile,Universidad De Chile
617142,University Of Copenhagen,University Of Copenhagen
286565,Universita Commerciale 'luigi Bocconi',Universita Commerciale 'luigi Bocconi'
203596,Pontificia Universidad Javeriana,Pontificia Universidad Javeriana
317635,Wellesley College,"NA"
968004,Instituto Tecnologico Autonomo de Mexico,"NA"
769179,Beijing Normal University,University of Illinois at Urbana-Champaign
354176,University Of Warwick,"NA"
554141,Nanjing University,Nanjing University
663016,Harbin Normal University,Stanford University
225085,Ecole Nationale de la Statistique et de l'Admin Economique,Ecole Nationale de la Statistique et de l'Admin Economique
306648,Universita Degli Studi Di Padova,Universita Degli Studi Di Padova
333365,Sri Sathya Sai Institute of Higher Learning,TERI University
806262,Miami University,"NA"
498127,University Of Cambridge-Corpus Christi College,Imperial College London
281217,Bogazici University,"NA"
941091,Massachusetts Institute of Technology,"NA"
191415,Hong Kong University Of Science And Technology,"NA"
184178,Yerevan State University,Tbilisi State University
520792,Zhejiang University,Massachusetts Institute of Technology
698346,Harvard College,"NA"
32312,Johns Hopkins University,Johns Hopkins University
352557,Columbia University,"NA"
546737,Elmira College,"NA"
968914,Washington University in St. Louis,"NA"
287929,Universidad De Los Andes,University Of Chicago
96116,Shanghai Institute Of Foreign Trade,University of Illinois at Urbana-Champaign
536390,"NA",Ecoles Des Hautes Etudes En Sciences Sociales
820245,"Wimbledon School of Art, University of Surrey","University of Banja Luka, Faculty of Economics"
396765,Clark University,"NA"
367034,Seoul National University,Seoul National University
283379,Peking University,"NA"
718714,Brigham Young University,"NA"
497076,Universidad De San Andres,Universidad De San Andres
44937,Sun Yat-Sen University,University of London-London School of Economics & Political Sci
576414,Williams College,"NA"
45820,Wuhan University,Boston University
219565,Universita Commerciale 'luigi Bocconi',Universita Commerciale 'luigi Bocconi'
251819,University College London,University College London
27637,Princeton University,"NA"
170836,Harvard College,"NA"
663399,Seoul National University,Seoul National University
729040,Peking University,"NA"
785947,"School of Liberal Studies, PDPU","NA"
10717,Duke University,"NA"
675963,"Hochschule fur Wirtschafts-, Rechts- und Sozialwissenschaften","NA"
943399,University Of Southern California,University Of Denver
662829,Harvard College,"NA"
461948,Universidad Nacional De Cordoba,Universidad Torcuato Di Tella
341439,"University Of California, Santa Barbara","NA"
341076,University Of New South Wales,"NA"
154773,McGill University,"NA"
643160,"NA",Otto-von-Guericke Universitat
913563,University Of Wisconsin-Madison,"NA"
999307,"NA","NA"
564791,Institut D'etudes Politiques,Institut D'etudes Politiques
281746,McGill University,"NA"
383347,Pennsylvania State University,"NA"
380901,University Of Tehran,London School of Economics and Political Science
941746,Trinity College,University Of Chicago
885376,Indiana University Bloomington,Boston University
777746,Universidad ORT Uruguay,"NA"
519443,Peking University,Chinese University Of Hong Kong
905243,Instituto Torcuato Di Tella,Instituto Torcuato Di Tella
559367,University Of Sao Paulo,Pontificia Universidade Catolica Do Rio De Janeiro
859205,Peking University,"NA"
792964,Washington And Lee University,"NA"
7031,Georgetown University,"NA"
985917,University Of Michigan--Ann Arbor,"NA"
787108,Williams College,"NA"
969124,University Of Vermont and State Agricultural College,"NA"
761899,Columbia University,"NA"
816221,Instituto Tecnológico Autónomo de México,"NA"
420470,Yale University,"NA"
450840,University Of Rochester,"NA"
423790,Universitat Bern,Universitat Bern
860193,University Of Pune,University Of Nottingham
758503,Kobe University,Kobe University
329644,University Of Delhi,University Of Delhi
770643,University Of Chicago,University Of Oxford
39262,Princeton University,"NA"
415677,Villanova University,"NA"
545671,Thammasat University,University Of Amsterdam
819002,Tsinghua University,Tsinghua University
324166,"University Of California, Los Angeles","NA"
136122,Mount Holyoke College,"NA"
590852,Renmin University Of China In Beijing,University of London-London School of Economics & Political Sci
208497,University Of Nebraska,"NA"
141630,Universidad Carlos Iii De Madrid,Universidad Carlos Iii De Madrid
9146,University Of Tokyo,University Of Tokyo
255335,"University Of California, Los Angeles","NA"
8028,University Of New Mexico,University Of New Mexico
510235,Goethe University,"NA"
866448,University Of Pennsylvania,Massachusetts Institute of Technology
421203,Lahore University Of Management Sciences,Lahore University Of Management Sciences
793979,University Of Montreal,University Of Montreal
708444,University Of British Columbia,University Of British Columbia
794284,Johns Hopkins University,Johns Hopkins University
826666,Technische Universitat Munchen,Harvard University
904299,University Of Iowa,"NA"
121337,Carnegie Mellon University,"NA"
687462,Tufts University,"NA"
254203,Southwest University Of Finance & Economics,University Of Cambridge-Clare Hall
327626,Indiana Wesleyan University,"NA"
6660,Ural Federal University,Ural Federal University
223745,Cornell University,"NA"
250174,Columbia University,"NA"
79383,Universidad Nacional De Cuyo,Universidad Torcuato Di Tella
708992,Tel Aviv University,Tel Aviv University
895534,Instituto Tecnologico Autonomo de Mexico,"NA"
60811,National University Of Singapore,"NA"
348295,Stanford University,"NA"
771910,"NA",New Economic School
913312,Rensselaer Polytechnic Institute,Yale University
158242,Johns Hopkins University,Johns Hopkins University
455993,Case Western Reserve University,"NA"
823942,University Of St Andrews,"NA"
847586,Johns Hopkins University,University of London-London School of Economics & Political Sci
603354,University Of Tokyo,University Of Essex
514321,Colorado State University,"NA"
197461,Peking University,"NA"
903976,University Of Sao Paulo,University Of Sao Paulo
677929,Universita Bocconi,Universita Commerciale 'luigi Bocconi'
710889,Singapore Management University,"NA"
949454,Universite De Lausanne,University College London
68213,University Of Chicago,"NA"
687848,Universidad De Los Andes,Universidad De Los Andes
613221,"University Of California, Berkeley","NA"
896019,Millsaps College,"NA"
481379,Calvin College,"NA"
798840,St Xavier's College,The Graduate Institute Of International and Development Studies
730192,Xiamen University,Cornell University
725511,City University Of Hong Kong,"NA"
124256,University Of Chicago,"NA"
131108,George Mason University,"NA"
261237,Sharif University of Technology,"NA"
106439,University Of Pennsylvania,"NA"
985082,Wuhan University,University of Illinois at Urbana-Champaign
255562,Korea Advanced Institute Of Science And Technology,University Of Oxford
506615,Universita Commerciale 'luigi Bocconi',Universita Commerciale 'luigi Bocconi'
82191,Princeton University,"NA"
94578,University Of Kansas,"NA"
109330,National Research University Higher School of Economics,Barcelona Graduate School of Economics
421806,Central University Of Finance And Economics,"NA"
592301,Seoul National University,Seoul National University
917122,Indian Institute of Technology,"University Of California, Berkeley"
935789,University Of Michigan--Dearborn,"NA"
828726,University of San Francisco,University of San Francisco
864489,"NA",Yale University
443595,University Of Adelaide,"NA"
705319,Brown University,"NA"
817481,Instituto Tecnologico y de Estudios Superiores de Monterrey,El Colegio De Mexico
570167,University of Dhaka,Western Illinois University
708813,Erasmus University,Erasmus University
866990,Princeton University,"NA"
177161,University Of Chicago,Georgetown University
467669,Universita Degli Studi Roma Tre,Universita degli Studi di Roma Tor Vergata (CIES)
687058,Renmin University of China,"NA"
504198,"Rutgers, The State University Of New Jersey","NA"
843427,Korea Advanced Institute Of Science And Technology,Seoul National University
628801,Georgetown University,"NA"
472487,Vanderbilt University,"NA"
482258,Williams College,"NA"
170250,Harvard University,"NA"
713330,Williams College,"NA"
894917,"University of Delhi, Hansraj College",University Of Delhi
483651,University Of Sao Paulo,Pontificia Universidade Catolica Do Rio De Janeiro
361671,University Of Pune,New York University
431421,Swarthmore College,Carnegie Mellon University
899542,Universidad Nacional Autonoma De Mexico,El Colegio De Mexico
654233,University Of Chicago,"NA"
663876,Brown University,"NA"
554515,Universita Bocconi,Columbia University
980996,Singapore Management University,National University Of Singapore
942596,Zhejiang University,"NA"
771548,University Of Texas At Austin,"NA"
191831,Case Western Reserve University,Collegio Carlo Alberto
651809,National Chung Hsing University,National Tsing Hua University
329603,Universidade Nova De Lisboa,Universidade Nova De Lisboa
32869,Sharif University Of Technology,"NA"
349024,Universidad de Piura,"NA"
890590,Wabash College,"NA"
348142,University Of Tokyo,Hosei University
8212,"NA","NA"
886021,Princeton University,"NA"
233430,Kazakh National University,State University Of New York At Albany
577456,Universita Bocconi,Universita Bocconi
241016,Utrecht University,University Of Cambridge
217364,Georgetown University,"NA"
109733,American University Of Beirut,Texas A&M University
144533,Columbia University,Columbia University
561907,University Of Michigan--Ann Arbor,"NA"
556037,National Insitute for Lifelong Education,"NA"
627230,Universita Commerciale 'luigi Bocconi',University Of Oxford
926858,Princeton University,University of London-London School of Economics & Political Sci
773097,Middlebury College,"NA"
730907,University Of Sao Paulo,University Of Sao Paulo
334150,National Taiwan University,National Taiwan University
899532,Johns Hopkins University,"NA"
864158,Tilburg University,University of London-London School of Economics & Political Sci
570645,Duke University,"NA"
77636,University Of Wisconsin-Madison,"NA"
841342,Isfahan University of Technology,Sharif University of Technology
184927,Oporto University,Universidad Pompeu Fabra
108997,California Institute Of Technology,"NA"
185470,Universite De Lausanne,Universite De Lausanne
91734,INSPER (Institute of Education and Research),Pontificia Universidade Catolica Do Rio De Janeiro
335433,Université de Lausanne,"NA"
383749,Amirkabir University of Technology,Sharif University Of Technology
959662,"NA",Ecole Polytechnique
120916,University Of Science and Technology Of China,"NA"
848276,Columbia University,"NA"
896420,Sun Yat-Sen University,"NA"
130791,"Tishreen University, Lattakia, Syria",Cranfield University
723905,Hebrew University Of Jerusalem,Hebrew University Of Jerusalem
149751,University Of Washington,"NA"
347457,Sogang University,University Of Wisconsin-Madison
263251,Stella Maris College,"NA"
536815,Wuhan University,Illinois Institute Of Technology
450260,Pennsylvania State University,"NA"
505301,Eberhard-Karls-Universitat Tubingen,Eberhard-Karls-Universitat Tubingen
82251,Fundacao Gertulio Vargas,Fundacao Gertulio Vargas
799740,New York University,"NA"
418760,Amherst College,Yale University
265338,University Of Chicago,"NA"
968396,Fudan University,"NA"
170747,University Of Arizona,"NA"
383754,Simon Fraser University,University Of Toronto
773137,Fudan University,University Of Wisconsin-Madison
417338,University Of Missouri--Columbia,"NA"
294531,"University Of California, Davis","NA"
448191,Universita Bocconi,Universita Bocconi
773030,Hanyang University ERICA,State University Of New York At Stony Brook
163052,Universita Commerciale 'luigi Bocconi',Universita Commerciale 'luigi Bocconi'
136418,"University Of California, Irvine",Georgetown University
704310,Middle East Technical University,Koc University
896753,Renmin University Of China In Beijing,Ohio State University
165707,"Barnard College, Columbia University",Barcelona Graduate School of Economics
472222,Peking University,"NA"
588289,Sharif University Of Technology,Sharif University Of Technology
330087,Seoul National University,Seoul National University
648337,University Of Pune,New York University
945963,Carleton College,"NA"
622190,Singapore Management University,"NA"
392346,MZUMBE UNIVERSITY,University Of Dar Es Salaam
995304,University Of Cambridge-Trinity College,"NA"
422495,Hamilton College,Harvard University
795541,Peking University,George Washington University
39264,Wuhan University,University Of Southern California
75360,University Of Wisconsin--Madison,"NA"
693237,Tsinghua University,"NA"
324330,Brandeis University,"NA"
201396,Universidad De Los Andes,Universidad De Los Andes
91272,Hong Kong University Of Science And Technology,"NA"
979751,Middlebury College,"NA"
541669,Universite De Paris I (pantheon-Sorbonne),Paris School of Economics
274069,Cornell University,"NA"
633220,University Of Michigan--Ann Arbor,Duke University
736984,People's University Of China,University Of Michigan--Ann Arbor
213366,Pontificia Universidad Catolica De Chile,Pontificia Universidad Catolica De Chile
274587,Universidad De Chile,Universidad De Chile
461571,University Of Pennsylvania,University of London-London School of Economics & Political Sci
959157,Universidad Nacional Autonoma De Mexico,"NA"
563975,Istanbul Technical University,Bogazici University
663426,University Of Warwick,London School of Economics and Political Science
443034,Facultes Universitaires Saint-Louis,Universite Des Sciences Sociales (toulouse I)
207658,Cornell University,"NA"
900275,Tsinghua University,"NA"
340402,University Of Chicago,"NA"
212751,Washington University in St. Louis,University of Oxford-Balliol College
214142,Università degli Studi di Roma Tor Vergata,Università degli studi di Roma Tor Vergata
635885,Universidad De Los Andes,Universidad De Los Andes
74149,Holborn College,University Of Greenwich
261313,Universidad De Chile,Universidad De Chile
165240,"NA",Ecole Polytechnique
562057,ITAM Instituto Tecnologico Autonomo de Mexico,ITAM Instituto Tecnologico Autonomo de Mexico
106898,Cornell University,Cornell University
257077,University Of Missouri--Columbia,"NA"
731134,Universidad Torcuato Di Tella,Universidad Torcuato Di Tella
206705,Capital University Of Economics And Business,Capital University Of Economics And Business
962507,Nankai University,Tsinghua University
239219,University Of Michigan--Ann Arbor,"NA"
894930,Bates College,Barcelona Graduate School of Economics
636508,University Of Virginia,"NA"
826616,Ecole Polytechnique,Institut D'etudes Politiques
471828,University Of British Columbia,"NA"
459655,University of Ottawa,Queens University
745201,Instituto Tecnologico Autonomo De Mexico,Barcelona Graduate School of Economics
618796,University of Melbourne,"NA"
240543,Nankai University,Nankai University
649303,St. Olaf College,Barcelona Graduate School of Economics
927413,George Mason University,"NA"
329196,Shanghai Institute Of Foreign Trade,University Of Wisconsin--Madison
211228,Columbia University,"NA"
915994,University Of Iowa,"NA"
582761,Oberlin College,"NA"
55511,Renmin University of China,"NA"
327796,University Of Georgia,University Of Georgia
252989,Baylor University,"NA"
856505,Ecole Polytechnique,Ecole Polytechnique
345445,Indiana University Bloomington,"NA"
198243,University of Tartu,Barcelona Graduate School of Economics
933790,George Washington University,University Of Texas At Austin
139161,"University Of California, Davis","NA"
610818,Georgetown University,"NA"
565211,Seoul National University,"NA"
873111,Trinity College,"NA"
816409,Wuhan University,"NA"
251281,Sciences Po: Institut D'etudes Politiques de Paris,Paris School of Economics
899259,Budapest University Of Economic Sciences,Institute for Advanced Studies
70852,"University Of California, Berkeley","NA"
657801,"University Of California, Berkeley","NA"
710542,Swarthmore College,"NA"
482238,University Of New South Wales,"NA"
258960,University Of Arkansas--Fayetteville,"NA"
778085,Chulalongkorn University,"NA"
429607,Brigham Young University,"NA"
429543,University Of Sao Paulo,Pontificia Universidade Catolica Do Rio De Janeiro
518474,Stanford University,"NA"
844863,The University of Hong Kong,"NA"
526593,University Of Zagreb,"NA"
981055,Universidad Nacional del Nordeste,Universidad De San Andres
569641,University Of Florida,"NA"
952055,Massachusetts Institute of Technology,University of London-London School of Economics & Political Sci
628517,University Of Virginia,Georgetown University
792272,Hillsdale College,Montana State University
966831,University Of Pennsylvania,"NA"
216590,Universidad Del Pacifico,Universidad Del Pacifico
141451,Universidad Nacional De Asuncion,University of Illinois at Chicago
836132,Universidad De Costa Rica,"NA"
259640,Universita Bocconi,Universita Bocconi
602760,Gettysburg College,"NA"
974185,National Research University Higher School of Economics,Centro De Estudios Monetarios Y Financieros
818259,University Of Copenhagen,University Of Copenhagen
140759,Western Kentucky University,"NA"
546791,Pontificia Universidade Catolica Do Rio De Janeiro,Pontificia Universidade Catolica Do Rio De Janeiro
26900,M.V. Lomonosov Moscow State University,"NA"
787234,Brown University,"NA"
620634,University Of Tulsa,University Of Tulsa
82920,Brown University,"NA"
738650,Washburn University Of Topeka,"NA"
670119,Northwestern University,"NA"
256952,Pontificia Universidad Catolica De Chile,Pontificia Universidad Catolica De Chile
75089,Michigan State University,"NA"
615657,National Taiwan University,Johns Hopkins University
371045,Peking University,"NA"
43143,University Of Michigan--Ann Arbor,Pepperdine University
681152,Isfahan University of Technology,Sharif University of Technology
974442,"NA",Ecole Nationale de la Statistique et de l'Admin Economique
413589,University Of Warwick,University of London-London School of Economics & Political Sci
882332,Ohio State University,"NA"
925600,Oberlin College,"NA"
929280,Brandeis University,"NA"
594512,Michigan Technological University,Massachusetts Institute of Technology
375841,Trinity College,"NA"
878172,Lycee louis Le Grand,Ecole Polytechnique
29356,University Of Tehran,Texas Tech University
908815,Instituto Tecnologico Autonomo de Mexico,"NA"
597100,Brown University,"NA"
692750,Boston College,"NA"
156726,"Indian Institute of Technology, Madras",Indian Statistical Institute
821845,University Of Alabama In Huntsville,"NA"
304510,Texas A&M University,"NA"
879417,Queen's University,University of Calgary
661048,Brown University,Boston University
69806,University Of Pennsylvania,University Of Pennsylvania
700504,"Rutgers, The State University Of New Jersey","NA"
82914,American University of Sharjah,Murdoch University
142571,University Of Toronto Schools,"NA"
996510,Manhattan College,"NA"
269195,Universita Commerciale 'luigi Bocconi',University of Bologna
525812,Pontificia Universidad Catolica De Chile,Pontificia Universidad Catolica De Chile
695528,Monash University,"NA"
502670,University Of Oxford,University of London-London School of Economics & Political Sci
118368,"University Of California, Los Angeles",University Of Chicago
835539,Swarthmore College,"NA"
461672,Zhejiang University,London School of Economics and Political Science
666840,University Of Chicago,"NA"
756143,Sabanci University,Sabanci University
320503,Universidad De Chile,Universidad De Chile
862876,University Of Michigan--Ann Arbor,"NA"
965123,California Polytechnic State University,"NA"
525514,Instituto Tecnologico y de Estudios Superiores de Monterrey (ITE,El Colegio De Mexico
151160,Sharif University Of Technology,Shahid Beheshti University
103731,Instituto Tecnologico Autonomo de Mexico,"NA"
167942,Columbia University,"NA"
913733,Nanjing University of Posts & Telecommunications,Kansas State University
834796,"NA",Paris School of Economics
611287,National University of Sciences and Technology,"NA"
91689,Swarthmore College,"NA"
932573,Harvard College,University College London
828537,"Rutgers, The State Univerisity of New Jersey-New Brunswick","NA"
914066,Shandong Normal University,Georgetown University
42919,St. Xavier's College,"NA"
883726,Chonbuk National University,Chonbuk National University
843572,Budapest University Of Economic Sciences,Universidad Pompeu Fabra
323081,University of Nottingham Malaysia Campus,University Of Nottingham
900978,Washington University in St Louis,"NA"
83251,Emory University,"NA"
519171,University Of Hong Kong,"NA"
155647,Laval University,Laval University
962410,Hong Kong University Of Science And Technology,Chinese University Of Hong Kong
742253,Colorado State University,"NA"
776694,Universidad de Piura,Universidad Del Pacifico
748304,Stanford University,"NA"
738889,Brigham Young University,"NA"
880081,"University Of California, Berkeley","NA"
475578,University Of Notre Dame,"NA"
188539,Georgetown University,"NA"
18199,Fudan University,Columbia University
451674,Nankai University,"NA"
743637,Swarthmore College,"NA"
191313,Universita Degli Studi Di Pavia,University Of Cambridge-Peterhouse
565525,Tianjin University of Finance and Economics,"NA"
637154,Fundacao Getulio Vargas,"Graduate School Of Economics, Getulio Vargas Fndn."
985213,"NA",Barcelona Graduate School of Economics
307427,Central University Of Finance And Economics,Universite Toulouse I
24422,"University Of California, Berkeley","NA"
758061,National University Of Singapore,"NA"
165519,Novosibirsk State Technical University,Humboldt University
472439,College Of William And Mary In Virginia,"NA"
872328,University Of Missouri--Columbia,University Of Missouri--Columbia
772370,Jilin univerisity,State University Of New York At Buffalo
653419,Bryn Mawr College,"NA"
352310,University Of Windsor,"NA"
496779,American University,"NA"
785443,Universita Commerciale 'luigi Bocconi',Universita Commerciale 'luigi Bocconi'
360805,"University Of California, Berkeley",Montana State University
182063,Princeton University,"NA"
932751,"University Of California, Los Angeles","NA"
941208,Universidad Del Pacifico,Universidad Del Pacifico
123397,Nanyang Technological University,University Of Michigan--Ann Arbor
501503,University Of Chicago,University College London
982137,Bandung Institute Of Technology,Duke University
232954,"NA",National Research University Higher School of Economics
181259,Brown University,"NA"
836303,Babson College,Duke University
996448,Xavier University,Johns Hopkins Univ. Paul H. Nitze School of Adv. Int'l Studies
711085,Universidad Torcuato Di Tella,Universidad Torcuato Di Tella
190217,Lehigh University,"NA"
844047,Williams College,"NA"
569165,Colby College,"NA"
963312,Colby College,"NA"
969102,"St. Xavier's College, Kolkata",Presidency University
411225,University of Oxford-Balliol College,Massachusetts Institute of Technology
181517,Seoul National University,Seoul National University
763979,American University of Central Asia,Illinois State University
172717,Peking University,Institut D'etudes Politiques
188161,Federal University of Rio de Janeiro,"Graduate School Of Economics, Getulio Vargas Fndn."
818343,Lahore University Management  Science,"NA"
971383,Huazhong University Of Science And Technology,Peking University
310783,University Of Chicago,"NA"
652950,University Of London,"NA"
886070,Universidad Catolica Boliviana,Universidad De Chile
266072,"NA",Ecole Polytechnique
23017,Renmin University of China,Renmin University of China
950545,Pontificia Universidad Catolica De Chile,Pontificia Universidad Catolica De Chile
631974,Peking University,"NA"
473517,Amherst College,University Of New South Wales
540936,Middlebury College,Bogazici University
464510,Indiana University Bloomington,"NA"
693561,Peking University,Chinese University Of Hong Kong
456539,University of London-London School of Economics & Political Sci,"NA"
324517,"Graduate School Of Economics, Getulio Vargas Fndn.","Graduate School Of Economics, Getulio Vargas Fndn."
548888,Brigham Young University,"NA"
914340,Bogazici University,Bogazici University
775935,"University Of California, Los Angeles",University Of Chicago
215547,St. Olaf College,Barcelona Graduate School of Economics
525669,Moscow State University,New Economic School
463259,Universidad De Chile,Universidad De Chile
239020,Seoul National University,Seoul National University
610157,Moscow Institute Of Physics & Technology,State University - Higher School of Economics
467964,University Of Pennsylvania,"NA"
514892,Tsinghua University,New York University
261744,University Of Mannheim,Universidad Pompeu Fabra
34919,Korea Advanced Institute Of Science And Technology,Seoul National University
820709,State University - Higher School of Economics,New Economic School
272442,University Of Rochester,"NA"
608725,Jilin University,"NA"
356885,Tilburg University,University Of Cambridge
386597,University Of Chicago,"NA"
953222,National Economics University,University of London-London School of Economics & Political Sci
508751,Lehigh University,"NA"
366850,"Indian Institute Of Technology, Kharagpur",University of London-London School of Economics & Political Sci
266437,Tongji University,"NA"
801813,Hillsdale College,Montana State University
669185,Seoul National University,"NA"
40304,Cairo University,Duke University
74564,University Of Moratuwa,"Postgradaute Institute of Management, University of Sri Jayeward"
338650,"NA","NA"
707034,Tel Aviv University,Humboldt University in Berlin
712642,Lehigh University,"NA"
833936,Massachusetts Institute of Technology,"NA"
348408,Universidad De Costa Rica,"NA"
406563,Universita Degli Studi Di Parma,Universita Degli Studi Di Modena
322650,McGill University,University Of British Columbia
987515,Yale University,"NA"
708633,University Of Wyoming,University of London-London School of Economics & Political Sci
809228,Brown University,"NA"
142967,Ohio State University,Ohio State University
528780,University Of Southern California,University Of Southern California
518339,University Of Oslo,University Of Oslo
983879,Renmin University of China,Columbia University
677445,Ohio State University,"NA"
641502,ITAM Instituto Tecnologico Autonomo de Mexico,"NA"
517794,Cornell University,"NA"
838370,Frankfurt School of Finance & Management,"NA"
879004,University Of Sao Paulo,University College London
26981,University Of Nebraska--Lincoln,University Of Nebraska--Lincoln
16755,University Of Hong Kong,Duke University
505094,Pomona College,Harvard University
503309,University Of International Business & Economics,"NA"
663925,Universitat Zurich,Barcelona Graduate School of Economics
658333,Tsinghua University,"NA"
556816,West Virginia University,"NA"
807013,University Of Chicago,"NA"
635126,Yeshiva University,Columbia University
539043,Sciences Po: Institut D'etudes Politiques de Paris,Sciences Po: Institut D'etudes Politiques de Paris
665944,University Of Delaware,"NA"
577769,University Of Tokyo,"NA"
813394,Pomona College,"NA"
386773,Johns Hopkins University,Johns Hopkins Univ. Paul H. Nitze School of Adv. Int'l Studies
256567,Fundacao Getulio Vargas - Escola de Economia de Sao Paulo,Universidade Nova De Lisboa
528817,University Of Michigan--Ann Arbor,"NA"
903960,University Of Montreal,University Of Montreal
268605,Warsaw School Of Economics,Warsaw School Of Economics
498812,Ludwig-Maximilians-University Munich,London School of Economics
391044,University Of Toronto,"NA"
892114,Central University Of Finance And Economics,Columbia University
779040,Claremont McKenna College,"NA"
672356,National Research University Higher School of Economics,National Research University Higher School of Economics
374895,University Of Chicago,"NA"
637323,University Of Virginia,"NA"
875291,Universidade De Brasilia,Pontificia Universidade Catolica Do Rio De Janeiro
886907,Yonsei University,Yonsei University
277147,Ohio State University,"NA"
261668,"University Of California, Berkeley",Waseda University
955127,Pontificia Universidad Catolica De Chile,Pontificia Universidad Catolica De Chile
217297,Harvard University,Harvard University
544475,University of Trier,University of Trier
629047,Southeast University,Capital University Of Economics And Business
365731,Princeton University,"NA"
572831,Princeton University,"NA"
87508,College Of Charleston,"NA"
378274,Instituto Tecnologico Autonomo de Mexico,"NA"
718706,New York University,"NA"
193306,Universita Degli Studi Di Modena,Universita Degli Studi Di Modena
414240,Cornell University,University of London-London School of Economics & Political Sci
317173,DePaul University,"NA"
482664,Hillsdale College,"NA"
803456,Tongji University,George Washington University
183264,University Of Rochester,"NA"
3830,Renmin University of China,Renmin University of China
828452,Dongbei University of Finance & Economics,"NA"
596980,University Of Pennsylvania,"NA"
812644,Seoul National University,Seoul National University
291011,Universidad Pompeu Fabra,Barcelona Graduate School of Economics
851430,Lake Forest College,"NA"
629087,Cornell University,"NA"
94382,"University Of California, Berkeley","NA"
511968,Massachusetts Institute of Technology,"NA"
202582,University Of Texas At Austin,"NA"
420784,"University Of California, Los Angeles",University Of Michigan--Ann Arbor
812968,"University Of California, Los Angeles",University Of Chicago
284265,Sophia University,University Of Tokyo
554517,Davidson College,"NA"
755940,Westminster College,"NA"
32710,University Of Delhi,University of London-London School of Economics & Political Sci
803709,Brown University,Boston University
642235,Koc University,Koc University
779161,Open University of Israel,Tel Aviv University
209063,Ecole Normale Superieure D'ulm,Ecole Nationale de la Statistique et de l'Admin Economique
186056,Centro De Investigacion Y Docenias Economicas,"NA"
639253,Harvard University,London School of Economics
893513,Tsinghua University,"NA"
671745,Thammasat University,University Of Durham
772340,University of Minnesota-Twin Cities,"NA"
709786,Delhi University,TERI University
479843,Brown University,"NA"
276514,Instituto Tecnologico Autonomo de Mexico,Instituto Tecnologico Autonomo de Mexico
190295,"University Of California, Berkeley","NA"
531612,Ohio State University,Ohio State University
678625,Stanford University,Stanford University
706219,Universite De Toulouse-Le-Mirail (toulouse Ii),University of London-London School of Economics & Political Sci
599393,National Chengchi University,"NA"
923933,McGill University,University of London-London School of Economics & Political Sci
537100,Pontificia Universidad Catolica De Chile,Pontificia Universidad Catolica De Chile
621128,Korea University,"NA"
885729,Vassar College,"NA"
701977,National Taiwan University,Columbia University
136067,Michigan State University,"NA"
412429,Universidad Del Pais Vasco,Centro De Estudios Monetarios Y Financieros
23974,University Of Virginia,"NA"
109070,University Of Michigan--Ann Arbor,"NA"
789552,Central University Of Finance And Economics,Boston University
995237,"NA",Illinois State University
849366,Ohio Wesleyan University,"NA"
171637,Universidad De Costa Rica,Centro De Estudios Monetarios Y Financieros
425671,University Of Oregon,"NA"
224759,University Of Oxford-Pembroke College,"NA"
817542,Queen's University,University Of Toronto
249366,Harvard University,"NA"
582720,Shri Ram College Of Commerce,University Of Oxford
878963,Yonsei University,Columbia University
215198,University Of Michigan--Ann Arbor,"NA"
632068,University Of Queensland,"NA"
252975,Instituto Tecnologico Autonomo de Mexico,Instituto Tecnologico Autonomo de Mexico
488012,University Of Chicago,University of London-London School of Economics & Political Sci
274300,University Of North Carolina At Chapel Hill,"NA"
75650,Ben-Gurion University Of The Negev,Ben-Gurion University Of The Negev
971151,Princeton University,"NA"
116733,University Of Brasilia,Pontificia Universidade Catolica Do Rio De Janeiro
844393,Knox College,"NA"
151636,Universita Degli Studi Di Torino,Collegio Carlo Alberto
75759,Lanzhou University,Boston University
556793,George Mason University,"NA"
120307,Cornell University,"NA"
446869,University Of Chicago,"NA"
334711,Brigham Young University,"NA"
610384,Peking University,"NA"
316419,Pomona College,University Of Southern California
922630,University Of Warwick,University of London-London School of Economics & Political Sci
154017,Tsinghua University,"NA"
947727,Tsinghua University,Yale University
891521,Tufts University,Tufts University
296775,Duke University,Harvard University
690656,University Of Tokyo,University Of Tokyo
928416,"University Of California, Los Angeles","NA"
243414,Hong Kong University Of Science And Technology,"NA"
606841,Universita Degli Studi Di Napoli,Universita Degli Studi Di Napoli
271685,Rice University,"NA"
196647,University Of Wisconsin-Madison,"NA"
563200,"University Of California, Berkeley","NA"
848472,Washington University in St. Louis,"NA"
310529,Instituto Tecnologico Autonomo De Mexico,"NA"
170506,University Of Massachusetts At Boston,"NA"
70965,"Imperial College Of Science, Technology & Medicine",Columbia University
389900,Lycee louis Le Grand,Ecole Polytechnique
400827,Universita Degli Studi Di Milano,Universita Commerciale 'luigi Bocconi'
750220,City University Of New York,University Of Chicago
300524,VIT University (Vellore Institute of Technology),"NA"
930535,Wuhan University,University of London-London School of Economics & Political Sci
842811,Jilin University,"NA"
18263,Boston University,"NA"
194066,Peking University,"NA"
363209,University Of Washington,"NA"
140465,Quinnipiac College,"NA"
639567,Foreign Trade University,"California State University, Hayward"
183918,Sharif University Of Technology,Sharif University Of Technology
695599,Tsinghua University,"NA"
422024,"University Of California, Berkeley",University College London
232973,National Research University Higher School of Economics,University Of Warwick
778290,Beloit College,"NA"
934257,Princeton University,"NA"
528485,Plymouth State University,"NA"
355757,University Of Western Ontario,University of London-London School of Economics & Political Sci
840583,Pomona College,"NA"
427123,University Of Pennsylvania,Vrije Universiteit Brussel
873826,Australian National University,"NA"
179887,Pontificia Universidad Javeriana Cali,Universidad De Los Andes
958127,Mount Holyoke College,"NA"
237584,Martin Luther University,Stockholm School Of Economics
381065,Hong Kong University Of Science And Technology,National University Of Singapore
869448,Pontificia Universidade Catolica Do Rio De Janeiro,Pontificia Universidade Catolica Do Rio De Janeiro
78819,University Of Melbourne,University Of Melbourne
123056,"University Of California, Berkeley","NA"
538674,University Of Tokyo,University Of Tokyo
591613,"NA","Indian Institute Of Technology, Kanpur"
848948,University Of Minnesota--Minneapolis-St. Paul,"NA"
406052,University Of Chicago,"NA"
988019,Chinese University Of Hong Kong,"NA"
555312,Universite Paris Dauphine (Paris IX),Universite Paris Dauphine (Paris IX)
263268,University Of Oklahoma,"NA"
350905,Universite De Paris I (pantheon-Sorbonne),Ecoles Des Hautes Etudes En Sciences Sociales
383343,University Of Wisconsin-Madison,"NA"
440846,Seoul National University,Seoul National University
348790,Monash University,Monash University
289748,Universidade Estadual De Campinas,Pontificia Universidade Catolica Do Rio De Janeiro
821675,"Graduate School Of Economics, Getulio Vargas Fndn.","Graduate School Of Economics, Getulio Vargas Fndn."
552760,Yale University,"NA"
283411,University Of Cincinnati,"NA"
760784,University Of Tokyo,University Of Tokyo
919452,Seoul National University,Seoul National University
45028,University Of Pennsylvania,"NA"
228875,"NA","Indian Institute of Technology, Madras"
19660,Cornell University,Universidad Carlos Iii De Madrid
138400,"NA",Ecole Superieure d'Electricite-SUPELEC
975159,Lillehammer University College,Norges Handelshoyskole
244952,University of Dhaka,University of Dhaka
591564,Duke University,University Of Toronto
779375,Univ. Catolica 'nuestra Senora De La Asuncion',Instituto Torcuato Di Tella
603855,University Of Chicago,"NA"
522177,University Of Durham,"NA"
857165,Massachusetts Institute of Technology,"NA"
359352,University Of Washington,"NA"
117226,University Of Wisconsin-Madison,"NA"
174069,Wuhan University,University College London
800582,Carroll University,"NA"
467121,Peking University,University Of Wisconsin-Madison
817576,University Of Chicago,"NA"
674045,Universita Degli Studi Di Firenze,University of Bologna
248478,Pomona College,"NA"
387290,Boston University,American University
363378,Vanderbilt University,"NA"
666417,State University Of New York At Farmingdale,"NA"
647894,Hebrew University Of Jerusalem,Tel Aviv University
194555,University Of Wisconsin-Madison,"NA"
196480,Auburn University,"NA"
621256,Instituto Tecnologico Autonomo de Mexico,"NA"
954745,Wesleyan University,"NA"
534064,Babcock University,"NA"
239846,National Technical University of Ukraine,Kyiv School of Economics
875213,B.M.S. College of Engineering,Indira Gandhi National Open University
984225,Zhejiang University,"NA"
46356,Peking University,"NA"
189255,International Christian University,University Of Tokyo
675758,Illinois State University,"NA"
659765,East China Normal University,University of Calgary
767109,Universidade Federal Fluminense,"Graduate School Of Economics, Getulio Vargas Fndn."
399577,Peking University,University Of Wisconsin--Madison
948051,University of Melbourne,University of Melbourne
892610,Peking University,"NA"
143367,Wroclaw University of Economics,Wroclaw University of Technology
945278,Franklin And Marshall College,"NA"
299724,Athens University of Economics and Business,Athens University of Economics and Business
140179,Brigham Young University,"NA"
969114,Brigham Young University,"NA"
247988,University Of Sydney,"NA"
313123,Seton Hall University,"NA"
827655,University Of Ottawa,Boston University
169141,"Hunter College, City University Of New York",University Of Kansas
899300,"NA",Paris School of Economics
840302,Universitat Hamburg,"NA"
369063,University Of Tokyo,University Of Tokyo
786509,Amherst College,"NA"
595507,New York University,"NA"
380197,University of Ottawa,Queen's University
200454,Centro De Investigacion Y Docenias Economicas,"NA"
841153,Ecole Nationale Des Ponts Et Chaussees,Paris School of Economics
972709,"Rutgers, The State University Of New Jersey","NA"
881550,University Of Tennessee At Knoxville,"NA"
240379,"NA",Boston University
562304,Arizona State University,"NA"
889601,New  York University,"NA"
846387,Universidad De Montevideo,"NA"
834390,Universita Bocconi,Universita Bocconi
775523,Peking University,"NA"
514576,Hong Kong University Of Science And Technology,"NA"
898554,University Of Western Australia,University Of Western Australia
2895,Pontificia Universidade Catolica Do Rio De Janeiro,Fundacao Getulio Vargas
271875,University Of Delhi,University College London
300527,University Of Alberta,University Of Alberta
735237,Shanghai International Studies University,Cornell University
317355,Indian Institute of Technology,Indian Institute of Management Ahmedabad
639196,"Rutgers, The State University Of New Jersey","NA"
182182,Grinnell College,"NA"
700528,University Of Southern California,"NA"
95372,Tianjin Foreign Studies University,Peking University
542138,Princeton University,"NA"
475113,Texas State University,Southern Methodist University
986689,Australian National University,"NA"
690505,University of California San Diego,"NA"
94227,Northwestern University,"NA"
119279,The Interdisciplinary Center Herzliya,"NA"
916009,University Of Tokyo,University Of Tokyo
880844,Ibmec Sao Paulo,Pontificia Universidade Catolica Do Rio De Janeiro
183978,University Of Melbourne,University Of Melbourne
538885,University Of Pennsylvania,Georgetown University
202563,Arizona State University,"NA"
912368,Higher School of Economics,State University - Higher School of Economics
144496,Seoul National University,"NA"
546511,University Of Texas At Austin,"NA"
508076,University Of Mannheim,University Of Mannheim
752472,University Of The Phillippines,University Of The Phillippines
445840,Boise State University,"NA"
225939,Koc University,University Of Wisconsin-Madison
41705,Hamilton College,"NA"
239391,William Marsh Rice University,"NA"
229269,Stanford University,Stanford University
770791,Swarthmore College,"NA"
932194,Duke University,"NA"
458742,North Central College,Roosevelt University
87887,Illinois College,"NA"
681124,University Of British Columbia,University Of Guelph
161714,Shandong University,University Of Hong Kong
817518,Swarthmore College,"NA"
177601,Brigham Young University,"NA"
852071,Southwest University Of Finance & Economics,University Of Tokyo
864352,University Of Wisconsin--Madison,"NA"
839365,University of Macau,People's University Of China
736280,Luiss Guido Carli University,Luiss Guido Carli University
678092,University of British Columbia,McGill University
443630,University Of Chicago,"NA"
628927,University Of Chicago,"NA"
303779,Cornell University,"NA"
700763,"University Of California, Santa Barbara","NA"
185190,University Of York,"NA"
836426,Simon Fraser University,"NA"
319794,Shanghai University Of Finance And Economics,University of London-London School of Economics & Political Sci
200449,Instituto Tecnologico Autonomo de Mexico,"NA"
823391,Wellesley College,"NA"
137166,University Of Minnesota--Minneapolis-St. Paul,"NA"
860559,University Of Missouri--Columbia,"NA"
943817,Washington University in St. Louis,"NA"
369158,University Of Oxford-Lincoln College,University of London-London School of Economics & Political Sci
344106,Boston University,"Imperial College Of Science, Technology & Medicine"
995457,Universidade Federal Do Rio Grande Do Sul,"Graduate School Of Economics, Getulio Vargas Fndn."
53954,University of Melbourne,"NA"
211812,National Taiwan University,"NA"
709941,University Of Maryland At College Park,"NA"
12290,University Of Chicago,"Hunter College, City University Of New York"
213744,Instituto Tecnologico y de Estudios Superiores de Monterrey,Bergische Universitaet Wuppertal
528618,Fudan University,Columbia University
60087,Renmin University of China,New York University
451460,Peking University,Columbia University
650689,Canisius College,State University Of New York At Buffalo
737899,Florida State University,"NA"
230772,Duke University,Princeton University
340311,University Of Georgia,University Of Georgia
444136,Warsaw School Of Economics,Warsaw School Of Economics
760805,Furman University,"NA"
9118,Universidade Tecnica De Lisboa,University of London-London School of Economics & Political Sci
671360,"University Of California, Los Angeles","University Of California, Los Angeles"
587959,University Of Southern California,"NA"
563741,Michigan State University,"NA"
407467,College Of William And Mary In Virginia,"NA"
867422,Shanghai University Of Finance And Economics,People's University Of China
617027,Instituto Tecnológico Autónomo de Mexico,University of London-London School of Economics & Political Sci
158027,The University of Hong Kong,Boston University
725077,"NA","NA"
618999,University Of Rochester,"NA"
251046,Peking University,Peking University
315854,"University Of California, Berkeley","NA"
592771,Universite Pierre Et Marie Curie (paris Vi),Ecole Centrale De Paris
350329,Korea University,University Of Chicago
104674,University Of Auckland,University Of Auckland
803061,University of Minnesota-Twin Cities,"NA"
744053,University of Prishtina,Central European University
552633,Eidgenossische Technische Hochschule Zurich,University of London-London School of Economics & Political Sci
878886,University Of Chicago,"NA"
309445,Ecole Nationale de la Statistique et de l'Admin Economique,Barcelona Graduate School of Economics
948569,University Of Chicago,"NA"
127879,Wheaton College,"NA"
919111,Trinity College,"NA"
94956,University of Minnesota-Twin Cities,University Of Chicago
516229,Northeastern University,"NA"
384578,Wuhan University,New York University
19955,Wroclaw University of Economics,Wroclaw University of Technology
439970,Seoul National University,Seoul National University
993035,DePaul University,DePaul University
375590,Georgetown University,"NA"
563009,University Of Alabama In Tuscaloosa,University Of Chicago
457846,Pomona College,"NA"
257853,Anglia Polytechnic University,University Of Nottingham
993179,Hampton University,"Columbia University, Barnard College"
83354,University Of Mannheim,University Of Mannheim
842239,Wellesley College,"NA"
752551,Universidad Pompeu Fabra,University of London-London School of Economics & Political Sci
422248,University Of Queensland,"NA"
646884,Oxford University,Ecole Polytechnique
382385,Harvard University,"NA"
447590,Universidad Pompeu Fabra,Universidad Pompeu Fabra
190352,Renmin University of China,Tsinghua University
119385,Texas Tech University,"NA"
752712,Pontificia Universidad Catolica De Chile,Pontificia Universidad Catolica De Chile
490737,University Of Oxford-St. Hilda's College,"NA"
173284,Kwame Nkrumah University of Science and Technology,University of London-London School of Economics & Political Sci
716599,Beijing Institute Civil Engineering/architecture,State University Of New York At Buffalo
426360,University Of Hong Kong,"NA"
289767,Universita Commerciale 'luigi Bocconi',Yale University
793726,Central University Of Finance And Economics,Toulouse school of Economics(M2)
373952,Adolfo Ibanez University,Adolfo Ibanez University
864197,Bard College,"NA"
509984,"NA",University of London-London School of Economics & Political Sci
96416,Athens School Of Economic And Business Sciences,"NA"
975436,Institut D'etudes Politiques,Ecole Polytechnique
443356,Universita Commerciale 'luigi Bocconi',Universita Commerciale 'luigi Bocconi'
331787,"Rutgers, The State University Of New Jersey","NA"
676439,Hebrew University Of Jerusalem,Hebrew University Of Jerusalem
265538,Peking University,"NA"
783589,Haverford College,University Of Cambridge
610615,Seoul National University,Seoul National University
260287,College Of William And Mary In Virginia,College Of William And Mary In Virginia
79167,Seoul National University,Seoul National University
409299,Universidad De Los Andes,Universidad De Los Andes
885525,Colgate University,"NA"
844116,Princeton University,"NA"
565684,Australian National University,"NA"
915606,University Of Wisconsin-Madison,"NA"
325148,Taylor University,"NA"
828011,University Of Michigan--Ann Arbor,University Of Chicago
518349,Cornell University,"NA"
353148,University Of British Columbia,"NA"
48512,Peking University,"NA"
659262,Seoul National University,Seoul National University
541075,University Of Delhi,University of Oxford-Balliol College
976378,University Of Virginia,"NA"
225778,"Calif. Polytechnic State Univ., San Luis Obispo","NA"
273832,Stanford University,Stanford University
373919,Universidad Del Pacifico,Universidad Del Pacifico
267708,National Taiwan University,National Taiwan University
24987,Covenant University,University College London
716642,ITESM -CCM,Harvard University
174831,Renmin University of China,New York University
134092,University Of Maryland At College Park,"NA"
252431,"NA",Paris School of Economics
39431,Tsinghua University,University Of Wisconsin-Madison
708442,Sichuan University,Renmin University of China
156487,University Of Waterloo,University Of Oxford
196562,Pomona College,"NA"
635165,Sharif University of Technology,Georgia Institute Of Technology
41653,University of London-London School of Economics & Political Sci,"NA"
984155,Victoria University Of Wellington,"NA"
982412,Instituto Tecnologico Autonomo De Mexico,"NA"
947524,University Of Sao Paulo,Fundacao Getulio Vargas
587643,Universidad De Lima,Pontificia Universidade Catolica Do Rio De Janeiro
819070,Tsinghua University,Tsinghua University
484156,"University Of California, Berkeley","NA"
955809,Erasmus University,Erasmus University
398490,Fudan University,Carnegie Mellon University
301183,Seoul National University,Seoul National University
144374,Yonsei University,University Of Chicago
651339,Peking University,"NA"
672369,Duke University,"NA"
142738,Lady Shri Ram College For Women,TERI University
737523,Sun Yat-Sen University,University of London-London School of Economics & Political Sci
380530,University Of Wisconsin-Madison,Johns Hopkins University
416285,American University In Bulgaria,"NA"
679111,University Of Oslo,University Of Oslo
293594,Fudan University,University of Illinois at Urbana-Champaign
972505,Massachusetts Institute of Technology,"NA"
733263,Harvard College,"NA"
167261,Universidade Tecnica De Lisboa,Universidade Catolica Portuguesa
697106,Scuola Superiore Sant'Anna di Studi Univ. e di Perfezionamento,Scuola Superiore Sant'Anna di Studi Univ. e di Perfezionamento
172692,Hong Kong University Of Science And Technology,"NA"
940023,Saint Louis University,"NA"
973467,Macalester College,"NA"
364002,Sophia University,"University Of California, San Diego"
580178,Boston University,Boston University
903390,University Of British Columbia,"NA"
384725,Seoul National University,Seoul National University
405056,Massachusetts Institute of Technology,"NA"
257889,Kyunghee University,"NA"
447916,Wuhan University of Technology,"NA"
304347,Amherst College,"NA"
286932,University Of Michigan--Ann Arbor,Hong Kong University Of Science And Technology
643670,Seoul National University,Seoul National University
880753,National Taiwan University,National Taiwan University
86567,Tsinghua University,"NA"
439798,Universita Bocconi,Universita Bocconi
618224,University Of Virginia,"NA"
469373,Centro De Investigacion Y Docenias Economicas,Centro De Investigacion Y Docenias Economicas
989846,University Of Texas At Austin,"NA"
989534,Pennsylvania State University,"NA"
975063,Williams College,"NA"
824713,"Indian Institute Of Technology, Madras",Stanford University
726901,Vietnam National University,"NA"
411416,Hillsdale College,"NA"
929822,American University In Bulgaria,"NA"
151305,Peking University,"NA"
331265,"University Of California, Santa Barbara",Barcelona Graduate School of Economics
151524,University Of London,Lahore University Of Management Sciences
460828,"University Of California, Berkeley","NA"
834510,University Of London-University College,University of London-London School of Economics & Political Sci
784398,"NA",University Of Cambridge
169958,McGill University,"NA"
127388,"Paris Sorbonne University, Paris IV",Paris School of Economics
497519,Tsinghua University,"NA"
862675,Fundacao Getulio Vargas,Fundacao Getulio Vargas
850104,Agnes Scott College,"NA"
641548,University Of Massachusetts At Amherst,"NA"
550413,University Of Minnesota--Duluth,"NA"
552752,North Carolina State University At Raleigh,"NA"
931592,"University Of California, Los Angeles","NA"
926974,Davidson College,University Of Missouri--Kansas City
216850,Tel Aviv University,Tel Aviv University
307912,Brigham Young University,"NA"
489987,Rijksuniversiteit Groningen,"NA"
237693,Harvard College,"NA"
399492,Universidad Carlos Iii De Madrid,New York University
344332,National Taiwan University,University of London-London School of Economics & Political Sci
47181,Friedrich-Alexander-Universitat Erlangen-Nurnberg,Friedrich-Alexander-Universitat Erlangen-Nurnberg
59418,University Of Notre Dame,"NA"
755649,University of Castilla-La Mancha,Centro De Estudios Monetarios Y Financieros
151256,Peking University,"NA"
504557,Universita Commerciale 'luigi Bocconi',Universita Commerciale 'luigi Bocconi'
545773,University Of Wisconsin-Madison,"NA"
738055,Princeton University,"NA"
290804,University Of Canterbury,University Of Canterbury
603116,Dartmouth College,"NA"
130941,Berklee College Of Music,Johns Hopkins University
459155,Xiamen University,Brown University
802060,"University Of California, Berkeley","NA"
470872,Eafit University,Universidad Colegio Mayor de Nuestra Senora del Ro
280968,Johns Hopkins University,Princeton University
557594,Sun Yat-Sen University,Tufts University
812107,Yale University,"NA"
773202,Princeton University,"NA"
165392,Peking University,"NA"
181981,Universidade Tecnica De Lisboa,Universidade Catolica Portuguesa
757426,Claremont McKenna College,University Of Chicago
172090,University of London-London School of Economics & Political Sci,Universite Toulouse I
70366,Lake Forest College,"NA"
289569,Universita Degli Studi Di Trieste,Universita Bocconi
797209,University Of Nigeria,State University Of New York At Buffalo
181229,Thammasat University,University of London-London School of Economics & Political Sci
402754,Renmin University Of China In Beijing,Renmin University Of China In Beijing
712876,Fudan University,"NA"
596796,Cornell University,"NA"
740834,"NA","NA"
775102,Katholieke Universiteit Leuven,Universidad Pompeu Fabra
254864,Instituto Tecnológico Autónomo de México (ITAM),"NA"
821864,University of British Columbia,"NA"
45807,Universita Bocconi,Universita Bocconi
21880,LUISS Guido Carli University,Universita Bocconi
639207,IBMEC,University of Illinois at Urbana-Champaign
227464,Hebrew University Of Jerusalem,"NA"
533690,Auburn University Main Campus,"NA"
579778,Dartmouth College,"NA"
174196,Cornell College,"NA"
800393,University Of Melbourne,"NA"
88302,Peking University,"NA"
314781,University Of Warwick,Stanford University
149932,Nanjing University,Nanjing University
669318,University Of Tokyo,University Of Tokyo
703020,University Of Oxford-St. Catharine's College,University Of Oxford-Nuffield College
705184,Ohio Wesleyan University,"NA"
3080,University Of Waterloo,"NA"
183859,University Of Cambridge,University of London-London School of Economics & Political Sci
99071,College Of Charleston,"NA"
351864,Cornell University,"NA"
755537,Swarthmore College,"NA"
162646,Gonzaga University,"NA"
581616,Tsinghua University,"NA"
906076,Shanghai University Of Finance And Economics,University of Illinois at Urbana-Champaign
916181,Muhlenberg College,"NA"
981007,Soka University of America,Yale University
367574,Sung Kyun Kwan University,"NA"
949303,University of Minnesota-Twin Cities,"NA"
133573,Instituto Tecnologico Autonomo de Mexico ITAM,Instituto Tecnologico Autonomo de Mexico ITAM
60173,"University Of California, Irvine",University Of Oxford
242938,Indiana University Bloomington,"NA"
830113,Brigham Young University,"NA"
161057,International Academy of Business,"Korea Development Institute, School of Pub. Policy & Management"
676066,Universidad De Los Andes,Universidad De Los Andes
161120,Gettysburg College,DePaul University
710851,Columbia University,University Of Oxford
771537,University Of Hong Kong,Toulouse School of Economics
686288,Technical University Berlin,"NA"
87949,Fudan University,Fudan University
384598,Universidad De Costa Rica,Universidad De Costa Rica
924758,University Of Manchester,"NA"
240263,Yale University,"NA"
579608,University Of North Carolina At Chapel Hill,"NA"
162728,Universidad Torcuato Di Tella,Universidad Torcuato Di Tella
580085,University Of Chicago,"NA"
150897,Maharaja Sayajirau University Of Baroda,Indira Gandhi National Open University
687768,Amherst College,"NA"
960791,University Of Mannheim,Boston University
234662,University Of Michigan--Ann Arbor,University Of Michigan--Ann Arbor
382330,Tufts University,"NA"
140107,University Of Tokyo,Ohio State University
763801,Universidad Nacional De Colombia,El Colegio De Mexico
651014,University Of North Carolina At Chapel Hill,George Washington University
74711,Peking University,Cornell University
504300,Tongji University,University Of Michigan--Ann Arbor
139780,University of Geneva,University of London-London School of Economics & Political Sci
708634,Augsburg College,"NA"
572175,New York University,"NA"
932047,Universidade Federal De Minas Gerais,Fundacao Gertulio Vargas
795333,Stanford University,"NA"
971445,Universite Pierre Et Marie Curie (paris Vi),Yale University
558928,National Taiwan University,"NA"
799064,Pontificia Universidad Catolica De Chile,Pontificia Universidad Catolica De Chile
495829,Tsinghua University,"NA"
298140,Columbia University,"NA"
28705,University Of Virginia,"NA"
566910,University Of Georgia,"NA"
143109,Tsinghua University,Tsinghua University
659714,University Of Maryland At College Park,"NA"
446109,Rhodes College,"NA"
119965,University Of Texas At Austin,"NA"
240506,"NA",University Of Oxford
418150,Seoul National University,Harvard University
49738,Massachusetts Institute of Technology,"NA"
625035,Massachusetts Institute of Technology,"NA"
739865,University Of Chicago,"NA"
219,University Of Kentucky,"NA"
725437,Washington University in St. Louis,Duke University
402233,Georgetown University,"NA"
352196,Karl-Franzens-Universitat Graz,Harvard University
333045,Seoul National University,"NA"
774608,Universita Bocconi,University of London-London School of Economics & Political Sci
501649,Universita degli Studi di Roma 'La Sapienza',"NA"
74451,Aoyama Gakuin University,Oklahoma State University--Main Campus
487896,"University Of California, San Diego","NA"
571244,Universidad Nacional De La Plata,Universidad Nacional De La Plata
354941,Peking University,"NA"
922141,University Of Chicago,"NA"
490333,Robert Morris University,"NA"
731870,Michigan State University,"NA"
544588,University of Minnesota-Twin Cities,"NA"
241694,Sogang Univesity,Seoul National University
638162,Universidad De Buenos Aires,Universidad Torcuato Di Tella
539407,Hebrew University Of Jerusalem,Hebrew University Of Jerusalem
121108,"University Of Maryland, Baltimore County","University Of Maryland, Baltimore County"
535062,Instituto Tecnologico Autonomo De Mexico,Instituto Tecnologico Autonomo De Mexico
991312,Victoria University Of Technology,Peking University
375751,George Washington University,"NA"
841438,University Of Dallas,"NA"
485465,University Of Melbourne,University Of Melbourne
393175,Vassar College,"NA"
663885,Davidson College,"NA"
48259,College Of William And Mary In Virginia,"NA"
553097,Harvard College,University Of Cambridge-Trinity College
833406,University Of Maryland At College Park (umcp),New York University
407747,"University Of California, Irvine",University Of Oxford
971101,Universidad Catolica De Santiago,Tilburg University
897559,"University Of California, Davis","University Of California, Davis"
368913,"University Of California, Berkeley","NA"
343283,University Of Kentucky,"NA"
984570,Hanoi National University,University Of Leicester
208411,University Of Wisconsin-Madison,"NA"
783009,Ecole Centrale De Paris,Groupe HEC
491581,Vietnam National University,University Of Memphis
476902,Syracuse University,"NA"
970292,William Marsh Rice University,"NA"
171450,Macalester College,"NA"
546920,University of Minnesota-Twin Cities,"NA"
391718,Universidad Pompeu Fabra,Universidad Pompeu Fabra
536101,Tsinghua University,Tsinghua University
610427,Washington And Lee University,"NA"
933075,"University Of California, Berkeley","NA"
391534,George Washington University,"NA"
319808,"University Of California, Berkeley",Carnegie Mellon University
570463,Harvard University,"NA"
569182,University Of Texas At Austin,"NA"
236331,Victoria University Of Wellington,"NA"
787644,Cornell University,"NA"
563867,University Of North Carolina At Chapel Hill,"NA"
808929,Eidgenossische Technische Hochschule Zurich,University of London-London School of Economics & Political Sci
768170,Harvard College,University Of British Columbia
93607,National University of Singapore,National University of Singapore
435070,Korea University,Korea University
811427,University Of Michigan--Ann Arbor,"NA"
196409,Stanford University,"NA"
699707,Johns Hopkins University,"NA"
850900,Connecticut College,Brown University
554811,Universidad Nacional San Cristobal de Huamanga,Universidad Del Pacifico
347403,Colgate University,Georgia Institute Of Technology
76821,University Of Virginia,Stanford University
190934,University of Potsdam,University Of Wisconsin--Milwaukee
480582,Universita Bocconi,Universita Bocconi
400794,University Of Virginia,"NA"
938077,National Research University Higher School of Economics,"NA"
399936,International Islamic University,"NA"
243435,New York University,"NA"
991222,Brigham Young University,"NA"
452862,Claremont McKenna College,"NA"
881095,Emory University,"NA"
377061,"University Of California, Davis","NA"
766516,Hong Kong Polytechnic,"NA"
50010,Universidad Anahuac,Barcelona Graduate School of Economics
596235,Beijing Foreign Studies University,University Of Chicago
352670,Kalamazoo College,"NA"
65665,University of Brasilia,Fundacao Getulio Vargas
714468,Fudan University,"University Of California, Santa Barbara"
526009,University of Illinois at Urbana-Champaign,Johns Hopkins University
246880,University Of Chicago,"NA"
425670,University Of London-Royal Holloway College,University Of York
899428,Loyola Marymount University,"NA"
68555,Middle Tennessee State University,"NA"
881246,Shanghai Jiao Tong University,Purdue University
664828,Instituto Tecnológico Autónomo de México,"NA"
489875,National Taiwan University,Boston University
345173,Purdue University,"NA"
451747,Stanford University,Columbia University
400603,Columbia University,"NA"
92054,University Of Wisconsin-Madison,University Of Michigan--Ann Arbor
240357,Loyola University Of Chicago,"NA"
57307,Manipal Institute Of Technology,"NA"
971998,Seoul National University,Seoul National University
559586,Massachusetts Institute of Technology,Harvard University
826607,Chinese University Of Hong Kong,University Of Chicago
792895,Universidade Federal do Rio de Janeiro,"Graduate School Of Economics, Getulio Vargas Fndn."
412915,University Of Tehran,University of London-London School of Economics & Political Sci
981388,Universite Antilles,"NA"
623094,University Of Edinburgh,University Of Cambridge-Pembroke College
265123,Universidad Carlos Iii De Madrid,"NA"
602814,University Of North Carolina At Chapel Hill,"NA"
1672,Northwestern University,"NA"
887546,Instituto Tecnologico Autonomo de Mexico (ITAM),Instituto Tecnologico Autonomo de Mexico (ITAM)
948841,Academy of National Economy under the Russian Government,New Economic School
454079,Northwestern University,"NA"
906749,Seoul National University,Seoul National University
117425,University Of Michigan--Ann Arbor,"NA"
10407,Harvard College,"NA"
28755,Dnipropetrovs'k National University,Kent State University
318397,Loyola University New Orleans,"NA"
669631,University Of Tokyo,University Of Tokyo
209780,Universidad De Montevideo,"NA"
660266,University Of Hong Kong,Hong Kong University Of Science And Technology
282096,Ludwig-Maximillians-Universitat Munchen,Universidad Pompeu Fabra
709355,Harvard University,"NA"
629798,Loyola University New Orleans,"NA"
89397,Cornell University,Yale University
867120,Middle East Technical University,Bilkent University
405005,University of London-London School of Economics & Political Sci,University of London-London School of Economics & Political Sci
321070,University Of Maryland At College Park (umcp),"NA"
793265,Shri Ram College Of Commerce,University Of Delhi
491754,"University Of Michigan, Ann Arbor","NA"
710418,Sung Kyun Kwan University,"NA"
98771,Seoul National University,University Of Chicago
142292,Pomona College,"NA"
466150,Universita Cattolica Del Sacro Cuore,Barcelona Graduate School of Economics
355289,Fudan University,Duke University
733646,Luiss Guido Carli University,Universita Commerciale 'Luigi Bocconi'
677506,University Of Texas At Austin,"NA"
872105,University Of Warwick,"NA"
628605,Carnegie Mellon University,"NA"
395309,"NA",Universidad Pompeu Fabra
347865,Universiteit Maastricht,Universiteit Maastricht
82727,University Of Manchester,"NA"
957011,Texas State University,"NA"
710377,Universita Degli Studi Roma Tre,Universita degli Studi di Roma Tor Vergata (CIES)
994423,Amherst College,"NA"
458635,National Taiwan University,National Taiwan University
462153,College Of William And Mary In Virginia,"NA"
846017,Universite De Lausanne,Universite De Lausanne
917136,"University Of California, Berkeley","NA"
307681,Soka Univeristy of America,"NA"
168424,Fudan University,Stanford University
329941,"University Of California, Berkeley","NA"
242461,National Research University Higher School of Economics,New Economic School
122876,University Of Bergen,"NA"
919840,University Of Michigan--Ann Arbor,"NA"
395742,"NA",Ecole Centrale De Paris
99359,George Washington University,"NA"
215330,Mcmaster University,"NA"
769033,Korea University,"NA"
278246,Washington University in St. Louis,"NA"
32122,Middle East Technical University,Bilkent University
833033,University of London-London School of Economics & Political Sci,University of London-London School of Economics & Political Sci
203622,Zhejiang University,Tulane University
127139,Columbia University,"NA"
645796,Seoul National University,University Of Chicago
198569,Nanyang Technological University,"NA"
104339,Pennsylvania State University,"NA"
368551,Columbia University,"NA"
512351,Clemson University,Clemson University
960108,Seoul National University,Seoul National University
666645,Central University Of Finance And Economics,University of London-London School of Economics & Political Sci
983589,Tsinghua University,"NA"
109326,University Of Wyoming,University of London-London School of Economics & Political Sci
491474,Princeton University,"NA"
582651,Harvard College,"NA"
436880,Universite De Lausanne,Universite De Lausanne
982553,New York University,"NA"
721678,INSPER (Institute of Education and Research),Instituto De Matematica Pura E Aplicada
809112,University Of Hong Kong,"University Of California, Los Angeles"
36313,Princeton University,"NA"
15289,Dartmouth College,"NA"
40483,Central University Of Finance And Economics,Peking University
723942,Imperial College London,Paris School of Economics
227956,Stanford University,"NA"
821842,New York University,"NA"
67185,Cornell University,"NA"
558694,National Research University Higher School of Economics,"NA"
404738,"University Of California, Los Angeles",University of London-London School of Economics & Political Sci
506084,Yonsei University,Yonsei University
644362,Universidad Del Pacifico,Pontificia Universidad Catolica Del Peru
9093,Universidad Catolica Andres Bello,University Of Chicago
166549,Australian National University,"NA"
134170,Huhhot,Peking University
485850,Michigan State University,"NA"
454496,University Of Texas At Austin,"NA"
997466,University Of Hong Kong,Universite Des Sciences Sociales (toulouse I)
944298,Universita Degli Studi di Pisa,Universita Degli Studi di Pisa
429107,Vanguard University,Azusa Pacific University
656052,Michigan State University,"NA"
597649,Universidad De Concepcion,"NA"
900083,Universidad De Los Andes,Universidad De Los Andes
269129,Yale University,"NA"
739299,University Of New South Wales,"NA"
280414,Seoul National University,Seoul National University
33106,Jadavpur University,Jadavpur University
153069,Temple University,Temple University
249412,University of Calgary,"NA"
582255,University Of Nigeria,University Of Warwick
188535,Yale University,"NA"
963813,Washington University in St. Louis,"NA"
157205,University Of British Columbia,"NA"
185379,Georgetown University,"NA"
671943,University of Melbourne,"NA"
737767,Mount Holyoke College,"NA"
892843,Dartmouth College,"NA"
819891,University Of Chicago,"NA"
476017,Covenant College,"NA"
772310,Universita Degli Studi Di Firenze,Universita Commerciale 'luigi Bocconi'
486657,Warsaw School Of Economics,University of London-London School of Economics & Political Sci
97313,University Of Nebraska--Lincoln,University Of Nebraska--Lincoln
660152,Stanford University,Stanford University
695308,"University Of California, Berkeley","NA"
419698,Institut D'etudes Politiques,Institut D'etudes Politiques
498089,Cornell University,"NA"
542154,George Mason University,"NA"
136429,National Chung Hsing University,National Tsing Hua University
485677,Swarthmore College,"NA"
230632,Brown University,"NA"
882855,Universidad Nacional Mayor De San Marcos,Instituto Tecnólogico de México (ITAM)
719050,Oporto University,Universidad Pompeu Fabra
410770,Columbia University,"NA"
442240,Rheinische Friedrich-Wilhelms-Universitat Bonn,"NA"
678234,Norges Handelshoyskole,Duke University
640028,University of London-London School of Economics & Political Sci,University of London-London School of Economics & Political Sci
218281,East China University of Science and Technology,University Of Texas At Dallas
609653,University Of Melbourne,Universidad Pompeu Fabra
230958,Lebanese American University,Lebanese American University
768694,"Graduate School Of Economics, Getulio Vargas Fndn.","Graduate School Of Economics, Getulio Vargas Fndn."
900568,University Of Chicago,"NA"
541906,University of Cambridge,Harvard University
454840,Boston University,Boston University
430406,National Taiwan University,University of London-London School of Economics & Political Sci
366595,Trent University,"NA"
798158,"NA",University Of Oslo
249483,Zhejiang Gongshang University,Peking University
466725,University of Illinois at Urbana-Champaign,Arizona State University
151115,University of London,"NA"
317301,"NA",State University - Higher School of Economics
3725,Pomona College,"NA"
662127,Renmin University Of China In Beijing,Peking University
42122,Universidade Federal do Rio de Janeiro,"NA"
372984,Instituto Torcuato Di Tella,Instituto Torcuato Di Tella
205300,Johns Hopkins University,"NA"
836821,Fudan University,Universita Commerciale 'luigi Bocconi'
738401,Oberlin College,"NA"
389429,"Rutgers, The State Univerisity of New Jersey-New Brunswick","NA"
905849,Cornell University,"NA"
167181,Tsinghua University,"NA"
961622,National Research University Higher School of Economics,University Of Warwick
514625,Renmin University Of China In Beijing,"NA"
568795,Southwest University Of Finance & Economics,University Of Chicago
524727,University Of Miami,"NA"
786754,Brigham Young University,Brigham Young University
676591,Hanyang University,University of London-London School of Economics & Political Sci
839821,Hebrew University Of Jerusalem,Hebrew University Of Jerusalem
813651,Boston University,"NA"
632506,Instituto Tecnologico y de Estudios Superiores de Monterrey,"Rutgers, The State University Of New Jersey"
401814,Sharif University of Technology,Tufts University
507960,University Of Rochester,"NA"
463527,Swarthmore College,"NA"
368425,Universitat Wien,Institute for Advanced Studies
950824,Johann Wolfgang Goethe-Universitat Frankfurt,Barcelona Graduate School of Economics
418157,Renmin University of China,Institute Of Social Studies
667085,"University Of California, Berkeley","NA"
898567,Peking University,Peking University
438296,University Of Mannheim,University Of North Carolina At Charlotte
388986,University Of Minnesota--Minneapolis-St. Paul,"NA"
942122,Siena College,University Of Kent At Canterbury
313512,Seoul National University,Seoul National University
96263,National Economics University,University of London-London School of Economics & Political Sci
82456,Ferdowsi University of Mashhad,Ferdowsi University of Mashhad
817726,Universidade Nova De Lisboa,Universidade Nova De Lisboa
147073,Simon Fraser University,"NA"
224341,University Of Kansas,"NA"
205423,University Of Michigan--Ann Arbor,"NA"
383970,University of Minnesota-Twin Cities,"NA"
423132,University Of Sydney,"NA"
367564,Shanghai Jiao Tong University,San Francisco State University
99708,Brigham Young University,"NA"
303679,University Of Melbourne,"NA"
379154,Northwestern University,"NA"
353980,Tsinghua University,"NA"
169154,Tsinghua University,"NA"
256962,"NA",University of Oulu
614552,Vassar College,"NA"
668046,Tsinghua University,Tsinghua University
10337,Saint Louis University,"NA"
555826,Southern Illinois University--Edwardsville,"NA"
405214,Yonsei University,Yonsei University
274570,Seoul National University,"NA"
562859,Vassar College,"NA"
706278,University Of Chicago,New York University School of Law
279965,University Of Bayreuth,"NA"
376852,University of Bristol,University College London
298573,Sophia College for Women,University Of Leicester
899626,Wellesley College,"NA"
540033,Institut D'etudes Politiques,Institut D'etudes Politiques
795292,Birla Institute Of Technology & Science,"NA"
112513,Vanderbilt University,"NA"
31317,University Of Houston--University Park,University Of Wisconsin- Madison
232241,universidad de los andes,Universidad Alberto Hurtado
403777,University Of Chicago,"NA"
252317,Universidad Nacional De Cordoba,Universidad Torcuato Di Tella
307904,Fudan University,Duke University
85715,Seoul National University,Georgia State University
207067,Columbia University,"NA"
453771,New York University,Johns Hopkins Univ. Paul H. Nitze School of Adv. Int'l Studies
568935,Columbia University,"NA"
430903,Ohio State University,"NA"
670371,Thammasat University,"NA"
393978,"University Of California, Los Angeles","NA"
745089,University Of Pennsylvania,University Of Pennsylvania
490667,Sabanci University,University of London-London School of Economics & Political Sci
165956,University Of St Andrews,"NA"
464332,Tsinghua University,Tsinghua University
221535,University Of Nebraska,"NA"
995831,University Of Kentucky,"NA"
494310,Escola De Administracao De Empresas De Sao Paulo,University of York
497513,Universidade De Brasilia,"Graduate School Of Economics, Getulio Vargas Fndn."
848408,University College London,University Of Cambridge
42127,Peking University,Peking University
558022,Universidad De Chile,Universidad De Chile
724281,University Of Bergen,University Of Oslo
258034,People's University Of China,People's University Of China
921713,Indian Institute of Technology Delhi,University of London-London School of Economics & Political Sci
946913,National Taiwan University,Johns Hopkins University
175085,"University Of California, Berkeley","NA"
448971,Jilin University,University Of Wyoming
8370,University Of South Carolina,University Of South Carolina
205612,University Of Chicago,"NA"
528142,McGill University,University Of Toronto Schools
173443,Duke University,"NA"
878869,"NA","Imperial College Of Science, Technology & Medicine"
661671,University Of Wisconsin-Madison,"NA"
556125,Monash University,"NA"
107403,Universita Commerciale 'luigi Bocconi',Universita Commerciale 'luigi Bocconi'
109797,Wesleyan University,"NA"
527713,Universita Bocconi,Universita Bocconi
745430,State University - Higher School of Economics,State University - Higher School of Economics
606179,Nankai University,Columbia University
892543,Kenyon College,"NA"
490926,Shanghai University Of Finance And Economics,Duke University
404678,Cornell University,"NA"
68128,St. Vincent College,"NA"
605345,Swarthmore College,"NA"
872065,Sharif University of Technology,Sharif University of Technology
489381,Texas State University,"NA"
870573,Ryerson Polytechnic Institute,"NA"
644367,Shanghai Institute Of Foreign Trade,University Of Wisconsin--Madison
753619,Hong Kong University Of Science And Technology,"NA"
799364,New York University,"NA"
358625,INSPER (Institute of Education and Research),UFSCAR
722561,"University Of California, Berkeley",Seoul National University
814528,Open University Of Israel,Tel Aviv University
489061,Instituto Tecnologico Autonomo De Mexico,University of London-London School of Economics & Political Sci
261260,Smith College,"NA"
760947,Renmin University of China,Vanderbilt University
900235,Shri Ram College Of Commerce,University Of Warwick
71832,Yale University,"NA"
409836,University Of Chicago,"NA"
372850,University Of Hong Kong,University College London
762380,Universita Commerciale 'luigi Bocconi',Universita Commerciale 'luigi Bocconi'
552569,Seoul National University,University Of Chicago
724210,National Taiwan University,National Taiwan University
736806,Keio University,University Of Tokyo
354049,Stanford University,Stanford University
746266,"University Of California, Berkeley","NA"
215141,University Of Kansas,"NA"
49797,Georgetown University,University Of Chicago
600433,Princeton University,"NA"
478153,International Christian University,University Of Cambridge
905867,Universidad Carlos Iii De Madrid,"NA"
630534,Huaqiao University,Peking University
102016,Universidad Nacional Autonoma De Mexico,El Colegio De Mexico
924559,University College Utrecht (Utrecht University),University of London-London School of Economics & Political Sci
676231,University Of Minnesota-Morris,Johns Hopkins University
690270,Universidad De Buenos Aires,Universidad De San Andres
856863,Helsinki School Of Econ. & Business Administration,University Of Helsinki
992551,University of St. Andrews,University of London-London School of Economics & Political Sci
220077,Cornell University,"NA"
622453,University Of Arizona,"NA"
838378,University Of Manitoba,"NA"
711496,University Of Chicago,"NA"
263829,Princeton University,"NA"
333497,Hamilton College,"NA"
377181,University Of Massachusetts At Amherst,"NA"
942779,Universidad De Los Andes,Universidad De Los Andes
930026,Universitat Zurich,Stockholm School Of Economics
51672,"NA",New York University
541986,Pontificia Universidad Catolica Del Ecuador,Harvard University
607673,"University Of California, Berkeley","NA"
129946,Xian Jiaotong University,Syracuse University
588416,Occidental College,"NA"
873984,Duke University,"NA"
586686,University of Science and Technology of China,Peking University
693176,Universidad De Costa Rica,Instituto Tecnologico Autonomo de Mexico
995839,Beijing Forestry University,Xi`an Jiaotong University
440267,University Of Pennsylvania,"NA"
180089,Williams College,"NA"
811094,University Of Colorado At Denver,Duke University
75495,University Of Michigan--Ann Arbor,"NA"
261280,University Of Maryland At College Park (umcp),"NA"
623881,Ohio University,"NA"
894549,Peking University,"NA"
209176,Wuhan University,University College London
414528,University of Minnesota-Twin Cities,"NA"
167040,University of Minnesota-Twin Cities,"NA"
234043,Cornell University,"NA"
120345,Saint Louis University,"NA"
538288,Wellesley College,"NA"
5412,Fudan University,Duke University
193047,Oberlin College,"NA"
685853,Duke University,University Of Michigan--Ann Arbor
750398,University Of Wyoming,"NA"
771715,Indiana University Bloomington,"NA"
167071,Universita Bocconi,Universita Bocconi
146762,Pennsylvania State University,"NA"
771698,Seoul National University,"NA"
1764,University Of Hong Kong,"NA"
756523,Brigham Young University,"NA"
490850,Emory University,"NA"
176716,University Of North Carolina At Chapel Hill,"NA"
366996,Wuhan University,Duke University
805633,Mersin University,"NA"
471579,Universidad De Chile,Universidad De Chile
967022,Harvard College,University Of Cambridge-Trinity College
431818,La Trobe University,Tulane University
805601,Brigham Young University,"NA"
120266,Johns Hopkins University,Johns Hopkins University
418351,Brigham Young University,"NA"
276143,University Of Washington,"NA"
769492,Renmin University Of China In Beijing,"NA"
749385,Johns Hopkins University,"NA"
575122,Korea University,Korea Advanced Institute Of Science And Technology
56215,University Of Notre Dame,"NA"
639631,University Of Rochester,"NA"
678664,University Of Tokyo,University Of Chicago
823666,Michigan State University,"NA"
985740,Brigham Young University,"NA"
873529,Pennsylvania State University,"NA"
221837,Harvey Mudd College,"NA"
752506,Creighton University,"NA"
8949,Yale University,"NA"
880625,University Of Science And Technology Beijing,Peking University
673331,Massachusetts Institute of Technology,"NA"
734082,Tsinghua University,Stanford University
952382,St. Mary's College Of Maryland,"NA"
457880,California Institute Of Technology,"NA"
812217,Tsinghua University,"NA"
239725,Peking University,University of Minnesota-Twin Cities
897218,Columbia University,"NA"
133951,"Long Island University, C. W. Post Center","NA"
716960,Tsinghua University,"NA"
411391,University Of London-University College,University of London-London School of Economics & Political Sci
40062,University Of Durham,University Of Durham
449761,Athens School Of Economic And Business Sciences,Yale University
404228,Ohio State University,"NA"
493828,Universita Bocconi,London School of Economics
705856,University Of South Florida,Florida Atlantic University
19510,Boston University,Boston University
290161,University Of Central Florida,"NA"
328305,"University Of California, Los Angeles","California State University, Long Beach"
717006,Brigham Young University,"NA"
317738,University Of Mannheim,Boston University
51044,Virginia Polytechnic Institute and State University,"NA"
816458,National Taiwan University,"NA"
118990,Instituto Tecnologico Autonomo de Mexico,Instituto Tecnologico Autonomo de Mexico
201361,College Of William And Mary In Virginia,"NA"
73621,Tsinghua University,"NA"
359126,University Of Kerala,Centre for Development Studies
458234,Princeton University,"NA"
398628,Brown University,"NA"
346126,Tsinghua University,Tsinghua University
472828,Trinity College,Universita Commerciale 'luigi Bocconi'
445011,"California State University, Fullerton","NA"
591633,Queen's University,"NA"
2192,Virginia Commonwealth University,"NA"
311946,Sharif University Of Technology,Sharif University Of Technology
996856,Suffolk University,Suffolk University
210426,Universidad De Chile,Universidad De Chile
706213,"University Of California, Berkeley","NA"
318600,Escola Politecnica da Universidade de Sao Paulo,University Of Sao Paulo
187658,Calvin College,"NA"
849428,Brown University,New York University
74796,Stanford University,"NA"
503996,Universidad Cristobal Colon,Centro De Investigacion Y Docenias Economicas
884638,University of Illinois at Urbana-Champaign,University Of Cambridge
692586,Mount Holyoke College,"NA"
41716,"University Of California, Berkeley",Harvard University
683553,University Of Hong Kong,New York University
730987,Princeton University,"NA"
381600,Soka University of America,Columbia University
335949,Humboldt University of Berlin,Humboldt University of Berlin
780011,Union College,"NA"
332091,Kansas State University,University Of Southern California
363560,Universita Degli Studi Di Modena,Katholieke Universiteit Leuven
883602,Dartmouth College,"NA"
58836,Northwestern University,"NA"
122277,MS Ramaiah institute Of Technology,"NA"
762903,College Of William And Mary In Virginia,"NA"
342383,University Of Chicago,"NA"
419162,Stanford University,DePaul University
568236,Brandeis University,"NA"
470313,Georgetown University,University Of Chicago
629939,Fudan University,"NA"
610286,Shanghai International Studies University,Osaka University
211898,Sciences Po: Institut D'etudes Politiques de Paris,Institut D'etudes Politiques
438472,Universita Bocconi,Universite Catholique de Louvain
17394,"NA",University Of Cambridge-Trinity College
867073,University Of Indonesia,Washington State University
