,confidence,orig,name,school
0,high,"University of California, Los Angeles","University of California, Los Angeles",
1,not changed,Technical University Munich,Technical University Munich,
2,high,University of Wisconsin-Madison,University of Wisconsin - Madison,
3,high,Stanford University,Stanford University,
4,high,University of Michigan,University of Michigan,
5,high,"University of California, Davis","University of California, Davis",
6,high,Texas A&M University,Texas A&M University,
7,not changed,Toulouse School of Economics,Toulouse School of Economics,
8,high,Boston University,Boston University,
9,high,Florida State University,Florida State University,
10,not changed,Graduate Institute of International and Development Studies,Graduate Institute of International and Development Studies,
11,high,Carnegie Mellon University,Carnegie Mellon University,
12,high,"University of California, Berkeley","University of California, Berkeley",
13,high,Yale University,Yale University,
14,ratio-91,Humboldt-Universität zu Berlin,Humboldt Universität Berlin,
15,high,Sharif University of Technology,Sharif University of Technology,
16,high,University of Oxford,University of Oxford,
17,high,Harvard University,Harvard University,
18,high,University of Chicago,University of Chicago,
19,exactmatch,Penn State University,Pennsylvania State University,
20,high,The University of Texas at Austin,University of Texas,
21,high,Columbia University in the City of New York,Columbia University,
22,high,"University of California, Santa Barbara","University of California, Santa Barbara",
23,high,Northwestern University,Northwestern University,
24,high,European University Institute,European University Institute,
25,high,University of Minnesota-Twin Cities,University of Minnesota,
26,high,"University of California, Irvine","University of California, Irvine",
27,high,Ecole polytechnique fédérale de Lausanne,Ecole polytechnique fédérale de Lausanne,
28,high,American University,American University,
29,high,University of Chicago Booth School of Business,University of Chicago,booth school of business
30,high,The University of Chicago,University of Chicago,
31,high,The Ohio State University,Ohio State University,
32,high,UC San Diego,"University of California, San Diego",
33,token-96,The London School of Economics and Political Science (LSE),"London School of Economics and Political Science, University of London",
34,high,University of Arizona,University of Arizona,
35,high,UNIVERSITY OF ILLINOIS URBANA-CHAMPAIGN,University of Illinois at Urbana-Champaign,
36,high,Stanford University Graduate School of Business,Stanford University,graduate school of business
37,high,University of Washington,University of Washington,
38,high,University of Pennsylvania,University of Pennsylvania,
39,high,New York University,New York University,
40,high,Harvard University Kennedy School of Government,Harvard University,kennedy school of government
41,high,Georgetown University,Georgetown University,
42,high,University of Toronto,University of Toronto,
43,high,Yonsei University,Yonsei University,
44,high,Massachusetts Institute of Technology - Sloan School of Management,Massachusetts Institute of Technology,sloan school of management
45,high,University of Southern California,University of Southern California,
46,not changed,Mayo Clinic School of Medicine,Mayo Clinic School of Medicine,
47,partial-100,University of California,"University of California, Berkeley",
48,high,University of Maryland,University of Maryland,
49,high,Duke University - The Fuqua School of Business,Duke University,the fuqua school of business
50,high,Tsinghua University,Tsinghua University,
51,high,Massachusetts Institute of Technology,Massachusetts Institute of Technology,
52,high,The George Washington University,George Washington University,
53,high,Seoul National University,Seoul National University,
54,token-100,Durham University,University of Durham,
55,high,Brigham Young University - Idaho,Brigham Young University - Idaho,
56,high,The University of Chicago Booth School of Business,University of Chicago,booth school of business
57,high,University of Houston,University of Houston,
58,high,University of Texas at Austin,University of Texas,
59,high,Cornell University,Cornell University,
60,high,Universit of Maryland,University of Maryland,
61,high,College of Creative Arts at West Virginia University,West Virginia University,college of creative arts
62,not changed,Pontifical Catholic University of Rio de Janeiro,Pontifical Catholic University of Rio de Janeiro,
63,high,Harvard Business School,Harvard University,business school
64,partial-100,University of Colorado,University of Colorado at Boulder,
65,high,Cornell University - Johnson Graduate School of Management,Cornell University,johnson graduate school of management
66,partial-100,London School of Economics and Political Science,"London School of Economics and Political Science, University of London",
67,high,Indiana University,Indian University,
68,high,University of Minnesota,University of Minnesota,
69,high,Boston University Questrom School of Business,Boston University,questrom school of business
70,high,Arizona State University,Arizona State University,
71,high,Princeton University,Princeton University,
72,not changed,University of Mannheim,University of Mannheim,
73,high,University of Florida,University of Florida,
74,high,Osaka University,Osaka University,
75,high,UC Irvine,"University of California, Irvine",
76,exactmatch,University of Maryland College Park,University of Maryland,
77,high,University of Pennsylvania - The Wharton School,University of Pennsylvania,the wharton school
78,high,Claremont Graduate University,Claremont Graduate University,
79,not changed,University of Hamburg,University of Hamburg,
80,high,Johns Hopkins University Advanced Academic Programs,Johns Hopkins University,
81,high,"University of Minnesota, Twin Cities",University of Minnesota,
82,high,Clemson University,Clemson University,
83,high,Catholic University of Sacred Heart,Catholic University of the Sacred Heart,
84,high,Harris School of Public Policy at the University of Chicago,University of Chicago,harris school of public policy
85,high,Boston College,Boston College,
86,high,The University of Texas School of Law,University of Texas,school of law
87,high,University of Waterloo,University of Waterloo,
88,high,"University of California, San Diego","University of California, San Diego",
89,high,University of Zurich,University of Zürich,
90,high,"Wharton School, University of Pennsylvania",University of Pennsylvania,the wharton school
91,high,"University of California, Berkeley, Haas School of Business","University of California, Berkeley",haas school of business
92,high,Syracuse University,Syracuse University,
93,high,Cornell Johnson Graduate School of Management,Cornell University,johnson graduate school of management
94,high,University of Colorado Boulder,University of Colorado at Boulder,
95,high,University of Illinois at Chicago,University of Illinois at Chicago,
96,high,NYU Stern School of Business,New York University,stern school of business
97,high,Indiana University Bloomington,Indiana University at Bloomington,
98,high,New York University School of Law,New York University,school of law
99,high,Saint Louis University,Saint Louis University,
100,exactmatch,Catholic University of Louvain,Université catholique de Louvain,
101,high,UCLA,"University of California, Los Angeles",
102,high,Michigan State University,Michigan State University,
103,high,UNC Kenan-Flagler Business School,University of North Carolina,kenanflagler business school
104,high,Lomonosov Moscow State University (MSU),Moscow State University,
105,high,Northwestern University - Kellogg School of Management,Northwestern University,kellogg school of management
106,high,University of Amsterdam,University of Amsterdam,
107,high,Vanderbilt University,Vanderbilt University,
108,high,Fundação Getúlio Vargas,Fundação Getulio Vargas,
109,exactmatch,New York University - Leonard N. Stern School of Business,New York University,stern school of business
110,not changed,Savitribai Phule Pune University,Savitribai Phule Pune University,
111,exactmatch,The Wharton School,University of Pennsylvania,The Wharton School
112,high,University of Utah,University of Utah,
113,high,University of Notre Dame,University of Notre Dame,
114,high,University of Wisconsin - Madison,University of Wisconsin - Madison,
115,high,Imperial College London,Imperial College London,
116,high,Massachusetts Institute of Technology (MIT),Massachusetts Institute of Technology,
117,high,University of Massachusetts Boston,University of Massachusetts at Boston,
118,high,Emory University,Emory University,
119,high,Carnegie Mellon University - Tepper School of Business,Carnegie Mellon University,tepper school of business
120,high,Washington University in St. Louis,Washington University in St. Louis,
121,high,University of Cambridge,University of Cambridge,
122,not changed,International and Development Studies (IHEID),International and Development Studies (IHEID),
123,high,Peking University,Peking University,
124,high,The Johns Hopkins University,Johns Hopkins University,
125,high,Purdue University,Purdue University,
126,high,University of Toronto Mississauga,"University of Toronto, Mississauga",
127,high,Universitat Pompeu Fabra,Universitat Pompeu Fabra,
128,high,Duke University,Duke University,
129,high,University of Warwick,University of Warwick,
130,high,University of Virginia,University of Virginia,
131,not changed,University of Chinese Academy of Sciences,University of Chinese Academy of Sciences,
132,high,University of Illinois at Urbana-Champaign,University of Illinois at Urbana-Champaign,
133,high,Hong Kong University of Science and Technology,Hong Kong University of Science and Technology,
134,high,University of San Francisco,University of San Francisco,
135,high,Università Bocconi,Università Bocconi,
136,high,West Virginia University,West Virginia University,
137,high,Johann Wolfgang Goethe-Universität Frankfurt am Main,Johann Wolfgang Goethe Universität Frankfurt am Main,
138,high,Central European University,Central European University,
139,not changed,SFI Swiss Finance Institute,SFI Swiss Finance Institute,
140,high,Georgia State University - Andrew Young School of Policy Studies,Georgia State University,andrew young school of policy studies
141,high,University of Rochester,University of Rochester,
142,high,Universidad de Chile,Universidad de Chile,
143,high,UCL,University College London,
144,high,"New York University, Stern School of Busines",New York University,stern school of busines
145,token-100,Trinity College Dublin,"University of Dublin, Trinity College",
146,high,Columbia University,Columbia University,
147,high,Brown University,Brown University,
148,high,UC Berkeley,"University of California, Berkeley",
149,high,University of St.Gallen,University of St. Gallen,
150,high,University of North Carolina at Chapel Hill - Kenan-Flagler Business School,University of North Carolina,kenanflagler business school
151,high,University of Georgia,University of Georgia,
152,high,Southern Methodist University,Southern Methodist University,
153,high,Simon Fraser University,Simon Fraser University,
154,high,University of Calgary,University of Calgary,
155,high,The Australian National University,Australian National University,
156,exactmatch,Columbia University in the City of New,Columbia University,
157,high,UC Berkeley School of Information,"University of California, Berkeley",school of information
158,high,George Mason University,George Mason University,
159,high,Western University,Western University,
160,token-100,Virginia Tech,Virginia Polytechnic Institute and State University (Virginia Tech),
161,high,"University of California, San Diego - The Rady School of Management","University of California, San Diego",the rady school of management
162,high,University of Illinois Urbana-Champaign,University of Illinois at Urbana-Champaign,
163,high,University of Michigan - Stephen M. Ross School of Business,University of Michigan,stephen m ross school of business
164,exactmatch,University of Copenhagen,Copenhagen University,
165,high,Yale Law School,Yale University,law school
166,high,University of California San Diego,"University of California, San Diego",
167,high,The University of British Columbia,University of British Columbia,
168,high,Columbia Engineering,Columbia University,engineering school
169,high,University of California-Berkeley,"University of California, Berkeley",
170,high,Yale School of Management,Yale University,school of management
171,high,University of Zürich,University of Zürich,
172,high,Ludwig-Maximilians-Universität München,Ludwig-Maximilians-Universität München,
173,high,University of New Mexico,University of New Mexico,
174,high,Tufts University,Tufts University,
175,token-100,Bocconi University,University of Commerce Luigi Bocconi,
176,high,UCLA Extension,"University of California, Los Angeles",extension school
177,high,University of North Carolina at Chapel Hill,University of North Carolina,
178,high,University of North Carolina,University of North Carolina,
179,high,The University of Georgia,University of Georgia,
180,high,Renmin University of China,Renmin University of China,
181,high,"Baruch College, City University of New York",City University of New York,baruch college
182,exactmatch,UCLA Anderson School of Management,"University of California, Los Angeles",Anderson School of Management
183,high,"Harvard University, John F. Kennedy School of Government",Harvard University,kennedy school of government
184,high,Stockholm School of Economics,Stockholm School of Economics,
185,not changed,University of São Paulo,University of São Paulo,
186,high,Concordia University,Concordia University,
187,not changed,"St Xaviers College, Bangalore","St Xaviers College, Bangalore",
188,high,National University of Singapore,National University of Singapore,
189,high,University of Tokyo,University of Tokyo,
190,high,"The Graduate Center, City University of New York",City University of New York,graduate center
191,high,Arizona State University - W. P. Carey School of Business,Arizona State University,w p carey school of business
192,high,MIT Sloan School of Management,Massachusetts Institute of Technology,sloan school of management
193,high,Universitat Pompeu Fabra - Barcelona,Universitat Pompeu Fabra,
194,high,California Institute of Technology,California Institute of Technology,
195,high,Chongqing University,Chongqing University,
196,high,The University of Manchester,University of Manchester,
197,not changed,Delhi School of Economics,Delhi School of Economics,
198,high,Columbia Business School,Columbia University,business school
199,not changed,Lehigh University College of Business,Lehigh University College of Business,
200,exactmatch,David Geffen School of Medicine at UCLA,"University of California, Los Angeles",David Geffen School of Medicine
201,exactmatch,Getulio Vargas Foundation / FGV,Fundação Getulio Vargas,
202,high,Cornell University Graduate School,Cornell University,graduate school
203,token-100,Cambridge University,University of Cambridge,
204,high,"Indian Institute of Technology, Madras","Indian Institute of Technology, Madras",
205,not changed,Texas McCombs School of Business,Texas McCombs School of Business,
206,high,UNSW,University of New South Wales,
207,high,University of Sussex,University of Sussex,
208,high,University of Connecticut,University of Connecticut,
209,not changed,BI Norwegian Business School,BI Norwegian Business School,
210,high,University of Warwick - Warwick Business School,University of Warwick,warwick business school
211,high,University of Hong Kong,University of Hong Kong,
212,high,International University - VNU HCMC,International University - VNU-HCM,
213,high,The Johns Hopkins University School of Medicine,Johns Hopkins University,school of medicine
214,high,Rice University,Rice University,
215,high,DePaul University,DePaul University,
216,high,University of Essex,University of Essex,
217,high,Lingnan University,Lingnan University,
218,high,University of Pittsburgh - Joseph M. Katz Graduate School of Business,University of Pittsburgh,joseph m katz graduate school of business
219,high,University of Pittsburgh,University of Pittsburgh,
220,high,"Stanford University, Graduate School of Business",Stanford University,graduate school of business
221,token-100,"Trinity College, Dublin","University of Dublin, Trinity College",
222,high,London Business School,London Business School,
223,partial-100,The London School of Economics and Political Science,"London School of Economics and Political Science, University of London",
224,not changed,"Indian Institute of Management, Calcutta","Indian Institute of Management, Calcutta",
225,high,University of Kent,University of Kent,
226,partial-100,University in St. Louis,Washington University in St. Louis,
227,high,University of AmsterdamUniversity of Amsterdam,University of Amsterdam,
228,high,Brandeis University,Brandeis University,
229,high,Case Western Reserve University School of Medicine,Case Western Reserve University,school of medicine
230,high,Korea Advanced Institute of Science and Technology,Korea Advanced Institute of Science & Technology,
231,high,SVKM's Narsee Monjee Institute of Management Studies (NMIMS),Narsee Monjee Institute of Management Studies,
232,high,Yale University - Yale School of Management,Yale University,school of management
233,token-100,Università Commerciale 'Luigi Bocconi'​,Università Bocconi,
234,high,University of Southern California - Marshall School of Business,University of Southern California,marshall school of business
235,high,University of Wisconsin-La Crosse,University of Wisconsin - La Crosse,
236,high,University of Minnesota Twin Cities,University of Minnesota,
237,token-100,Università Commerciale 'Luigi Bocconi',Università Bocconi,
238,exactmatch,University of Michigan Medical/Graduate School,University of Michigan,Medical School
239,high,University of Wyoming College of Business,University of Wyoming,college of business
240,ratio-94,"University of Nevada, Reno",University of Nevada - Reno,
241,high,Queen's University,Queen's University,
242,not changed,Technical University Berlin,Technical University Berlin,
243,high,Northern Illinois University,Northern Illinois University,
244,high,The Hong Kong University of Science and Technology,Hong Kong University of Science and Technology,
245,high,Columbia University - Columbia Business School,Columbia University,business school
246,high,MIT,Massachusetts Institute of Technology,
247,high,University of Oxford (Lincoln College),University of Oxford,lincoln college
248,not changed,Paris School of Economics,Paris School of Economics,
249,high,Queen Mary University of London,Queen Mary University of London,
250,not changed,IPADE Business School,IPADE Business School,
251,high,University of Milan-Bicocca,University of Milan - Bicocca,
252,partial-100,Sciences Po,Institut d'Etudes Politiques de Paris (Sciences Po),
253,high,The University of Kansas,University of Kansas,
254,high,Southern Methodist University - Cox School of Business,Southern Methodist University,cox school of business
255,high,Instituto Tecnológico Autónomo de México,Instituto Tecnológico Autonómo de México,
256,high,Rockhurst University,Rockhurst University,
257,high,"University of California, Santa Cruz","University of California, Santa Cruz",
258,high,Boston College Law School,Boston College,law school
259,high,Caltech,California Institute of Technology,
260,high,Rutgers University–New Brunswick,Rutgers University,
261,exactmatch,Pierre and Marie Curie University,Université Pierre et Marie Curie (Paris VI),
262,high,Pennsylvania State University,Pennsylvania State University,
263,high,The Chinese University of Hong Kong,Chinese University of Hong Kong,
264,high,University of Massachusetts Amherst,University of Massachusetts at Amherst,
265,not changed,Fielding Graduate University,Fielding Graduate University,
266,high,The Johns Hopkins University - Carey Business School,Johns Hopkins University,carey business school
267,high,University of Oregon,University of Oregon,
268,high,Harvard Kennedy School,Harvard University,kennedy school
269,high,UNIVERSITY OF CALIFORNIA – BERKELEY,"University of California, Berkeley",
270,high,University of Delaware,University of Delaware,
271,not changed,"CFA Institute, The Global Association of Investment Professionals","CFA Institute, The Global Association of Investment Professionals",
272,exactmatch,Maastricht University School of Business and Economics,University of Maastricht,School of Business and Economics
273,token-96,Paris 1 Panthéon-Sorbonne University,Université Panthéon-Sorbonne (Paris I),
274,ratio-93,Johannes Gutenberg University Mainz,Johannes-Gutenberg Universität Mainz,
275,high,Rutgers University,Rutgers University,
276,not changed,Santa Barbara City College,Santa Barbara City College,
277,not changed,Université Paris-Saclay,Université Paris-Saclay,
278,high,University of Cincinnati College of Business,University of Cincinnati,college of business
279,high,Fundação Getulio Vargas,Fundação Getulio Vargas,
280,high,University of California - Los Angeles,"University of California, Los Angeles",
281,high,Tilburg University,Tilburg University,
282,not changed,Aalto University,Aalto University,
283,high,University of Geneva,University of Geneva,
284,high,The Pennsylvania State University,Pennsylvania State University,
285,not changed,Supply Chain Management,Supply Chain Management,
286,exactmatch,University of California Los Angeles (Anderson School),"University of California, Los Angeles",Anderson School of Management
287,high,Texas Tech University,Texas Tech University,
288,high,New York University Stern School  of Business,New York University,stern school of business
289,high,University of Utah - David Eccles School of Business,University of Utah,david eccles school of business
290,high,University of Michigan School of Public Health,University of Michigan,school of public health
291,high,"University of California, Berkeley - School of Law","University of California, Berkeley",school of law
292,partial-100,London School of Economics,"London School of Economics and Political Science, University of London",
293,high,Indira Gandhi National Open University,Indira Gandhi National Open University,
294,exactmatch,UT Health San Antonio,University of Texas at San Antonio,School of Health
295,not changed,Université Lumière Lyon 2,Université Lumière Lyon 2,
296,high,University of York,University of York,
297,high,Monash University,Monash University,
298,high,University of Chicago Law School,University of Chicago,law school
299,high,The University of Toledo,University of Toledo,
300,high,The University of Iowa Tippie College of Business,University of Iowa,tippie college of business
301,high,UC Santa Barbara,"University of California, Santa Barbara",
302,high,University of Toronto - Rotman School of Management,University of Toronto,rotman school of management
303,high,HKUST Business School,Hong Kong University of Science and Technology,business school
304,high,Smith School of Business at Queen's University,Queen's University,smith school of business
305,high,University of London,University of London,
306,partial-100,European Academy,European Academy of Arts in Warsaw,
307,high,Bilkent University,Bilkent University,
308,high,University of Minnesota Law School,University of Minnesota,law school
309,high,Hong Kong University Of Science And Technology,Hong Kong University of Science and Technology,
310,high,University Of Chicago,University of Chicago,
311,high,University Of Virginia,University of Virginia,
312,high,Nanjing University,Nanjing University,
313,high,University Of International Business & Economics,University of International Business and Economics,
314,high,University Of Michigan--Ann Arbor,University of Michigan,
315,high,Sarah Lawrence College,Sarah Lawrence College,
316,high,Grove City College,Grove City College,
317,high,Wittenberg University,Wittenberg University,
318,high,University Of Tulsa,University of Tulsa,
319,high,Wuhan University,Wuhan University,
320,high,Universidade Catolica Portuguesa,Universidade Catolica Portuguesa,
321,high,Sharif University Of Technology,Sharif University of Technology,
322,high,University Of Sydney,University of Sydney,
323,high,State University Of New York At Stony Brook,State University of New York at Stony Brook,
324,ratio-94,Delhi University,Adelphi University,
325,high,University Of Pennsylvania,University of Pennsylvania,
326,high,"University Of California, Los Angeles","University of California, Los Angeles",
327,high,Grinnell College,Grinnell College,
328,high,Universidad De Guadalajara,Universidad de Guadalajara,
329,not changed,Hautes Etudes Commerciales-Liege,Hautes Etudes Commerciales-Liege,
330,high,Nankai University,Nankai University,
331,high,University Of Texas At Austin,University of Texas,
332,high,University Of Alabama at Birmingham,University of Alabama - Birmingham,
333,not changed,Universita Commerciale 'luigi Bocconi',Universita Commerciale 'luigi Bocconi',
334,not changed,Lady Shri Ram College For Women,Lady Shri Ram College For Women,
335,high,University Of Wisconsin-Madison,University of Wisconsin - Madison,
336,high,Middlebury College,Middlebury College,
337,ratio-92,Instituto Tecnologico Autonomo de Mexico,Instituto Tecnológico Autonómo de México,
338,high,Colby College,Colby College,
339,high,Mount Holyoke College,Mount Holyoke College,
340,high,Yazd University,Yazd University,
341,high,University Of Hong Kong,University of Hong Kong,
342,not changed,The Chinese Univ. of Hong Kong,The Chinese Univ. of Hong Kong,
343,high,Universidad Nacional De Colombia,Universidad Nacional de Colombia,
344,high,State University - Higher School of Economics,Higher School of Economics,
345,high,Morehouse College,Morehouse College,
346,high,Covenant University,Covenant University,
347,high,Vilnius Gediminas Technical University,Vilnius Gediminas Technical University,
348,high,Ivan Franko National University of Lviv,National University,
349,high,University Of Tehran,University of Tehran,
350,high,Colorado State University,Colorado State University,
351,high,University Of Warwick,University of Warwick,
352,high,Fudan University,Fudan University,
353,high,Liaoning Normal University,Liaoning Normal University,
354,high,University of London-London School of Economics & Political Sci,University of London,london school of economics & political sci
355,high,Macalester College,Macalester College,
356,high,Soka University,Soka University,
357,high,Ohio State University,Ohio State University,
358,partial-100,ITAM,Hokkaigakuen University of Kitami,
359,high,Chinese University Of Hong Kong,Chinese University of Hong Kong,
360,high,University Of Southern California,University of Southern California,
361,high,Korea University,Korea University,
362,high,Reed College,Reed College,
363,not changed,Budapesti Corvinus Egyetem,Budapesti Corvinus Egyetem,
364,high,University Of Delhi,University of Delhi,
365,high,University College London,University College London,
366,ratio-92,Universidad Pompeu Fabra,Universitat Pompeu Fabra,
367,high,Oberlin College,Oberlin College,
368,ratio-93,Russian-Armenian (Slavonic) University,Russian-Armenian (Slavonic) State University,
369,not changed,Universita Degli Studi Di Torino,Universita Degli Studi Di Torino,
370,high,Williams College,Williams College,
371,high,Claremont McKenna College,Claremont McKenna College,
372,high,University Of Missouri--Columbia,University of Missouri - Columbia,
373,high,Smith College,Smith College,
374,high,Bogazici University,Bogazici University,
375,high,National Chengchi University,National Chengchi University,
376,ratio-91,"Rutgers, The State University Of New Jersey","Rutgers, The State University of New Jersey - Camden",
377,high,University of St. Gallen,University of St. Gallen,
378,high,University Of Tokyo,University of Tokyo,
379,high,National Taipei University,National Taipei University,
380,high,North Carolina State University At Raleigh,North Carolina State University,
381,not changed,Universitat Bern,Universitat Bern,
382,ratio-91,University Of The Phillippines,University of Northern Philippines,
383,high,University Of Florida,University of Florida,
384,high,University Of Cambridge-Queen's College,University of Cambridge,queen's college
385,high,Universite Catholique de Louvain,Université Catholique de Louvain,
386,high,"University Of California, Davis","University of California, Davis",
387,high,University Of Maryland At College Park,University of Maryland,college park
388,high,Allegheny College,Allegheny College,
389,high,University Of Washington,University of Washington,
390,high,University Of Amsterdam,University of Amsterdam,
391,not changed,"St. Xavier's College, Kolkata","St. Xavier's College, Kolkata",
392,high,University Of British Columbia,University of British Columbia,
393,high,Nanyang Technological University,Nanyang Technological University,
394,high,University Of Cambridge-Wolfson College,University of Cambridge,wolfson college
395,ratio-92,University Pantheon Assas (paris Ii),Université Panthéon-Assas (Paris II),
396,high,Universidad De Chile,Universidad de Chile,
397,ratio-94,University Of Copenhagen,IT University of Copenhagen,
398,high,Pontificia Universidad Javeriana,Pontificia Universidad Javeriana,
399,high,Wellesley College,Wellesley College,
400,high,Beijing Normal University,Beijing Normal University,
401,high,Harbin Normal University,Harbin Normal University,
402,ratio-93,Ecole Nationale de la Statistique et de l'Admin Economique,Ecole Nationale de la Statistique et de l'Administration Economique,
403,not changed,Universita Degli Studi Di Padova,Universita Degli Studi Di Padova,
404,high,Sri Sathya Sai Institute of Higher Learning,Sri Sathya Sai Institute of Higher Learning,
405,ratio-94,Miami University,Misamis University,
406,high,University Of Cambridge-Corpus Christi College,University of Cambridge,corpus christi college
407,high,Yerevan State University,Yerevan State University,
408,high,Zhejiang University,Zhejiang University,
409,high,Harvard College,Harvard University,college
410,high,Johns Hopkins University,Johns Hopkins University,
411,high,Elmira College,Elmira College,
412,high,Universidad De Los Andes,Universidad de Los Andes,
413,high,Shanghai Institute Of Foreign Trade,Shanghai Institue of Foreign Trade,
414,high,"Wimbledon School of Art, University of Surrey",University of Surrey,wimbledon school of art
415,high,Clark University,Clark University,
416,high,Brigham Young University,Brigham Young University,
417,high,Universidad De San Andres,Universidad de San Andres,
418,partial-100,Sun Yat-Sen University,Sun Yat-Sen University of Medical Sciences,
419,not changed,"School of Liberal Studies, PDPU","School of Liberal Studies, PDPU",
420,not changed,"Hochschule fur Wirtschafts-, Rechts- und Sozialwissenschaften","Hochschule fur Wirtschafts-, Rechts- und Sozialwissenschaften",
421,high,Universidad Nacional De Cordoba,Universidad Nacional de Córdoba,
422,high,"University Of California, Santa Barbara","University of California, Santa Barbara",
423,high,University Of New South Wales,University of New South Wales,
424,high,McGill University,McGill University,
425,partial-100,Institut D'etudes Politiques,Institut d'Etudes Politiques de Bordeaux,
426,partial-100,Trinity College,Trinity College Connecticut,
427,high,Universidad ORT Uruguay,Universidad ORT Uruguay,
428,not changed,Instituto Torcuato Di Tella,Instituto Torcuato Di Tella,
429,not changed,University Of Sao Paulo,University Of Sao Paulo,
430,high,Washington And Lee University,Washington and Lee University,
431,high,University Of Vermont and State Agricultural College,University of Vermont,and state agricultural college
432,token-97,Instituto TecnolÃ³gico AutÃ³nomo de MÃ©xico,Instituto Tecnológico Autonómo de México,
433,high,University Of Rochester,University of Rochester,
434,high,University Of Pune,University of Pune,
435,high,Kobe University,Kobe University,
436,high,Villanova University,Villanova University,
437,high,Thammasat University,Thammasat University,
438,high,Renmin University Of China In Beijing,Renmin University of China,
439,partial-100,University Of Nebraska,University of Nebraska - Kearney,
440,high,Universidad Carlos Iii De Madrid,Universidad Carlos III de Madrid,
441,high,University Of New Mexico,University of New Mexico,
442,not changed,Goethe University,Goethe University,
443,high,Lahore University Of Management Sciences,Lahore University of Management Sciences,
444,ratio-91,University Of Montreal,University of Montevallo,
445,ratio-93,Technische Universitat Munchen,Technische Universität München,
446,high,University Of Iowa,University of Iowa,
447,high,Southwest University Of Finance & Economics,Southwest University of Finance and Economics,
448,high,Indiana Wesleyan University,Indiana Wesleyan University,
449,not changed,Ural Federal University,Ural Federal University,
450,high,Universidad Nacional De Cuyo,Universidad Nacional de Cuyo,
451,high,Tel Aviv University,Tel Aviv University,
452,high,National University Of Singapore,National University of Singapore,
453,high,Rensselaer Polytechnic Institute,Rensselaer Polytechnic Institute,
454,high,Case Western Reserve University,Case Western Reserve University,
455,high,University Of St Andrews,University of St. Andrews,
456,ratio-94,Universita Bocconi,Università Bocconi,
457,high,Singapore Management University,Singapore Management University,
458,not changed,Universite De Lausanne,Universite De Lausanne,
459,high,"University Of California, Berkeley","University of California, Berkeley",
460,high,Millsaps College,Millsaps College,
461,high,Calvin College,Calvin College,
462,not changed,St Xavier's College,St Xavier's College,
463,high,Xiamen University,Xiamen University,
464,high,City University Of Hong Kong,City University of Hong Kong,
465,high,Korea Advanced Institute Of Science And Technology,Korea Advanced Institute of Science & Technology,
466,high,University Of Kansas,University of Kansas,
467,high,National Research University Higher School of Economics,Higher School of Economics,
468,high,Central University Of Finance And Economics,Central University of Finance and Economics,
469,high,Indian Institute of Technology,Indiana Institute of Technologyy,
470,high,University Of Michigan--Dearborn,University of Michigan - Dearborn,
471,high,University Of Adelaide,University of Adelaide,
472,ratio-92,Instituto Tecnologico y de Estudios Superiores de Monterrey,Instituto Tecnológico y de Estudios Superiores de Monterrey (ITESM),
473,high,University of Dhaka,University of Dhaka,
474,partial-100,Erasmus University,Erasmus University Rotterdam,
475,not changed,Universita Degli Studi Roma Tre,Universita Degli Studi Roma Tre,
476,high,"University of Delhi, Hansraj College",University of Delhi,hansraj college
477,high,Swarthmore College,Swarthmore College,
478,high,Universidad Nacional Autonoma De Mexico,Universidad Nacional Autónoma de México,
479,ratio-94,National Chung Hsing University,National Chung Cheng University,
480,high,Universidade Nova De Lisboa,Universidade Nova de Lisboa,
481,high,Universidad de Piura,Universidad de Piura,
482,high,Wabash College,Wabash College,
483,high,Kazakh National University,National University,
484,high,Utrecht University,Utrecht University,
485,high,American University Of Beirut,American University of Beirut,
486,not changed,National Insitute for Lifelong Education,National Insitute for Lifelong Education,
487,high,National Taiwan University,National Taiwan University,
488,high,Isfahan University of Technology,Isfahan University of Technology,
489,not changed,Oporto University,Oporto University,
490,high,California Institute Of Technology,California Institute of Technology,
491,not changed,INSPER (Institute of Education and Research),INSPER (Institute of Education and Research),
492,not changed,Université de Lausanne,Université de Lausanne,
493,high,Amirkabir University of Technology,Amirkabir University of Technology,
494,high,University Of Science and Technology Of China,University of Science and Technology of China,
495,high,"Tishreen University, Lattakia, Syria",Tishreen University,
496,high,Hebrew University Of Jerusalem,Hebrew University of Jerusalem,
497,high,Sogang University,Sogang University,
498,partial-96,Stella Maris College,Marist College,
499,ratio-94,Eberhard-Karls-Universitat Tubingen,Eberhard-Karls-Universität Tübingen,
500,not changed,Fundacao Gertulio Vargas,Fundacao Gertulio Vargas,
501,high,Amherst College,Amherst College,
502,high,University Of Arizona,University of Arizona,
503,high,Hanyang University ERICA,Hanyang University,
504,high,"University Of California, Irvine","University of California, Irvine",
505,high,Middle East Technical University,Middle East Technical University,
506,high,"Barnard College, Columbia University",Barnard College - Columbia University,
507,high,Carleton College,Carleton College,
508,partial-100,MZUMBE UNIVERSITY,Mzumbe University (Chuo Kikuu Mzumbe),
509,high,University Of Cambridge-Trinity College,University of Cambridge,trinity college
510,high,Hamilton College,Hamilton College,
511,high,University Of Wisconsin--Madison,University of Wisconsin - Madison,
512,not changed,Universite De Paris I (pantheon-Sorbonne),Universite De Paris I (pantheon-Sorbonne),
513,not changed,People's University Of China,People's University Of China,
514,high,Pontificia Universidad Catolica De Chile,Pontificia Universidad Catolica de Chile,
515,high,Istanbul Technical University,Istanbul Technical University,
516,high,Facultes Universitaires Saint-Louis,Facultés Universitaires Saint-Louis,
517,not changed,Università degli Studi di Roma Tor Vergata,Università degli Studi di Roma Tor Vergata,
518,not changed,Holborn College,Holborn College,
519,not changed,ITAM Instituto Tecnologico Autonomo de Mexico,ITAM Instituto Tecnologico Autonomo de Mexico,
520,high,Universidad Torcuato Di Tella,Universidad Torcuato di Tella,
521,high,Capital University Of Economics And Business,Capital University of Economics and Business,
522,high,Bates College,Bates College,
523,high,Ecole Polytechnique,Ecole Polytechnique,
524,high,University of Ottawa,University of Ottawa,
525,ratio-92,Instituto Tecnologico Autonomo De Mexico,Instituto Tecnológico Autonómo de México,
526,high,University of Melbourne,University of Melbourne,
527,high,St. Olaf College,St. Olaf College,
528,high,University Of Georgia,University of Georgia,
529,high,Baylor University,Baylor University,
530,high,University of Tartu,University of Tartu,
531,high,George Washington University,George Washington University,
532,token-100,Sciences Po: Institut D'etudes Politiques de Paris,Institut d'Etudes Politiques de Paris (Sciences Po),
533,partial-100,Budapest University Of Economic Sciences,Budapest University of Economic Sciences and Public Administration,
534,ratio-92,University Of Arkansas--Fayetteville,University of Arkansas at Fayetteville,
535,high,Chulalongkorn University,Chulalongkorn University,
536,high,The University of Hong Kong,University of Hong Kong,
537,high,University Of Zagreb,University of Zagreb,
538,high,Universidad Nacional del Nordeste,Universidad Nacional del Nordeste,
539,high,Hillsdale College,Hillsdale College,
540,high,Universidad Del Pacifico,Universidad del Pacifico,
541,high,Universidad Nacional De Asuncion,Universidad Nacional de Asunción,
542,high,Universidad De Costa Rica,Universidad de Costa Rica,
543,high,Gettysburg College,Gettysburg College,
544,high,Western Kentucky University,Western Kentucky University,
545,high,Pontificia Universidade Catolica Do Rio De Janeiro,Pontifícia Universidade Católica do Rio de Janeiro,
546,high,M.V. Lomonosov Moscow State University,Moscow State University,
547,high,Washburn University Of Topeka,Washburn University,
548,high,Michigan Technological University,Michigan Technological University,
549,not changed,Lycee louis Le Grand,Lycee louis Le Grand,
550,high,University Of Alabama In Huntsville,University of Alabama - Huntsville,
551,high,American University of Sharjah,American University of Sharjah,
552,high,University Of Toronto Schools,University of Toronto,schools
553,high,Manhattan College,Manhattan College,
554,high,University Of Oxford,University of Oxford,
555,high,Sabanci University,Sabanci University,
556,partial-100,California Polytechnic State University,California Polytechnic State University - San Luis Obispo,
557,high,Instituto Tecnologico y de Estudios Superiores de Monterrey (ITE,Instituto Tecnológico y de Estudios Superiores de Monterrey (ITESM),
558,high,Nanjing University of Posts & Telecommunications,Nanjing University of Posts and Telecommunications,
559,high,National University of Sciences and Technology,National University of Science and Technology,
560,not changed,"Rutgers, The State Univerisity of New Jersey-New Brunswick","Rutgers, The State Univerisity of New Jersey-New Brunswick",
561,high,Shandong Normal University,Shandong Normal University,
562,not changed,St. Xavier's College,St. Xavier's College,
563,high,Chonbuk National University,Chonbuk National University,
564,high,University of Nottingham Malaysia Campus,"University of Nottingham, Malaysia Campus",
565,high,Washington University in St Louis,Washington University in St. Louis,
566,token-97,Laval University,Université Laval,
567,high,University Of Notre Dame,University of Notre Dame,
568,not changed,Universita Degli Studi Di Pavia,Universita Degli Studi Di Pavia,
569,high,Tianjin University of Finance and Economics,Tianjin University of Finance & Economics,
570,ratio-91,Fundacao Getulio Vargas,Fundação Getulio Vargas,
571,high,Novosibirsk State Technical University,Novosibirsk State Technical University,
572,high,College Of William And Mary In Virginia,College of William and Mary,
573,high,Jilin univerisity,Jilin University,
574,high,Bryn Mawr College,Bryn Mawr College,
575,high,University Of Windsor,University of Windsor,
576,ratio-92,Bandung Institute Of Technology,Tatung Institute of Technology,
577,high,Babson College,Babson College,
578,high,Xavier University,Xavier University,
579,high,Lehigh University,Lehigh Univervsity,
580,high,University of Oxford-Balliol College,University of Oxford,balliol college
581,high,American University of Central Asia,American University of Central Asia,
582,not changed,Federal University of Rio de Janeiro,Federal University of Rio de Janeiro,
583,high,Lahore University Management  Science,Lahore University of Management Sciences,
584,high,Huazhong University Of Science And Technology,Huazhong University of Science and Technology,
585,high,University Of London,University of London,
586,partial-97,Universidad Catolica Boliviana,"Universidad Católica Boliviana, Cochabamba",
587,not changed,"Graduate School Of Economics, Getulio Vargas Fndn.","Graduate School Of Economics, Getulio Vargas Fndn.",
588,high,Moscow State University,Moscow State University,
589,high,Moscow Institute Of Physics & Technology,Moscow Institute of Physics and Technology,
590,not changed,University Of Mannheim,University Of Mannheim,
591,high,Jilin University,Jilin University,
592,ratio-91,National Economics University,Hanoi National Economics University,
593,high,"Indian Institute Of Technology, Kharagpur","Indian Institute of Technology, Kharagpur",
594,high,Tongji University,Tongji University,
595,high,Cairo University,Cairo University,
596,high,University Of Moratuwa,University of Moratuwa,
597,not changed,Universita Degli Studi Di Parma,Universita Degli Studi Di Parma,
598,high,University Of Wyoming,University of Wyoming,
599,high,University Of Oslo,University of Oslo,
600,not changed,Frankfurt School of Finance & Management,Frankfurt School of Finance & Management,
601,high,University Of Nebraska--Lincoln,University of Nebraska - Lincoln,
602,high,Pomona College,Pomona College,
603,not changed,Universitat Zurich,Universitat Zurich,
604,high,Yeshiva University,Yeshiva University,
605,high,University Of Delaware,University of Delaware,
606,not changed,Fundacao Getulio Vargas - Escola de Economia de Sao Paulo,Fundacao Getulio Vargas - Escola de Economia de Sao Paulo,
607,high,Warsaw School Of Economics,Warsaw School of Economics,
608,not changed,Ludwig-Maximilians-University Munich,Ludwig-Maximilians-University Munich,
609,high,University Of Toronto,University of Toronto,
610,high,Universidade De Brasilia,Universidade de Brasília,
611,not changed,University of Trier,University of Trier,
612,high,Southeast University,Southeast University,
613,high,College Of Charleston,College of Charleston,
614,not changed,Universita Degli Studi Di Modena,Universita Degli Studi Di Modena,
615,high,Dongbei University of Finance & Economics,Dongbei University of Finance And Economics,
616,high,Lake Forest College,Lake Forest College,
617,high,Sophia University,Sophia University,
618,high,Davidson College,Davidson College,
619,partial-100,Westminster College,Westminster College Fulton,
620,high,Koc University,Koc University,
621,high,Open University of Israel,Open University of Israel,
622,not changed,Ecole Normale Superieure D'ulm,Ecole Normale Superieure D'ulm,
623,not changed,Centro De Investigacion Y Docenias Economicas,Centro De Investigacion Y Docenias Economicas,
624,high,Universite De Toulouse-Le-Mirail (toulouse Ii),Université de Toulouse-le-Mirail (Toulouse II),
625,high,Vassar College,Vassar College,
626,high,Universidad Del Pais Vasco,Universidad del País Vasco,
627,high,Ohio Wesleyan University,Ohio Wesleyan University,
628,high,University Of Oregon,University of Oregon,
629,high,University Of Oxford-Pembroke College,University of Oxford,pembroke college
630,not changed,Shri Ram College Of Commerce,Shri Ram College Of Commerce,
631,high,University Of Queensland,University of Queensland,
632,high,University Of North Carolina At Chapel Hill,University of North Carolina,
633,high,Ben-Gurion University Of The Negev,Ben-Gurion University of the Negev,
634,not changed,University Of Brasilia,University Of Brasilia,
635,high,Knox College,Knox College,
636,high,Lanzhou University,Lanzhou University,
637,not changed,Universita Degli Studi Di Napoli,Universita Degli Studi Di Napoli,
638,high,University Of Massachusetts At Boston,University of Massachusetts at Boston,
639,not changed,"Imperial College Of Science, Technology & Medicine","Imperial College Of Science, Technology & Medicine",
640,not changed,Universita Degli Studi Di Milano,Universita Degli Studi Di Milano,
641,high,City University Of New York,City University of New York,
642,high,VIT University (Vellore Institute of Technology),Vellore Institute of Technology,
643,high,Quinnipiac College,Quinnipiac College,
644,high,Foreign Trade University,Foreign Trade University,
645,high,Beloit College,Beloit College,
646,partial-98,Plymouth State University,Utah State University,
647,high,University Of Western Ontario,University of Western Ontario,
648,high,Australian National University,Australian National University,
649,high,Pontificia Universidad Javeriana Cali,Pontificia Universidad Javeriana,
650,token-100,Martin Luther University,Martin University,
651,high,University Of Melbourne,University of Melbourne,
652,high,University Of Minnesota--Minneapolis-St. Paul,University of Minnesota,
653,ratio-94,Universite Paris Dauphine (Paris IX),Université Paris-Dauphine (Paris IX),
654,high,University Of Oklahoma,University of Oklahoma,
655,high,Universidade Estadual De Campinas,Universidade Estadual de Campinas,
656,high,University Of Cincinnati,University of Cincinnati,
657,high,Lillehammer University College,Lillehammer University College,
658,not changed,Univ. Catolica 'nuestra Senora De La Asuncion',Univ. Catolica 'nuestra Senora De La Asuncion',
659,high,University Of Durham,University of Durham,
660,partial-100,Carroll University,John Carroll University,
661,not changed,Universita Degli Studi Di Firenze,Universita Degli Studi Di Firenze,
662,token-100,State University Of New York At Farmingdale,New York University,
663,high,Auburn University,Auburn University,
664,high,Wesleyan University,Wesleyan University,
665,high,Babcock University,Babcock University,
666,token-100,National Technical University of Ukraine,National University,
667,not changed,B.M.S. College of Engineering,B.M.S. College of Engineering,
668,high,International Christian University,International Christian University,
669,high,Illinois State University,Illinois State University,
670,high,East China Normal University,East China Normal University,
671,high,Universidade Federal Fluminense,Universidade Federal Fluminense,
672,token-100,Wroclaw University of Economics,University of Wroclaw,
673,high,Franklin And Marshall College,Franklin and Marshall College,
674,high,Athens University of Economics and Business,Athens University of Economics and Business,
675,high,Seton Hall University,Seton Hall University,
676,high,University Of Ottawa,University of Ottawa,
677,high,"Hunter College, City University Of New York",City University of New York,hunter college
678,high,Universitat Hamburg,Universität Hamburg,
679,high,Ecole Nationale Des Ponts Et Chaussees,Ecole Nationale des Ponts et Chausees,
680,high,University Of Tennessee At Knoxville,University of Tennessee - Knoxville,
681,high,New  York University,New York University,
682,high,Universidad De Montevideo,Universidad de Montevideo,
683,high,University Of Western Australia,University of Western Australia,
684,high,University Of Alberta,University of Alberta,
685,high,Shanghai International Studies University,Shanghai International Studies University,
686,ratio-91,Tianjin Foreign Studies University,Beijing Foreign Studies University,
687,partial-100,Texas State University,Southwest Texas State University,
688,ratio-94,The Interdisciplinary Center Herzliya,The Interdisciplinary Center Herzliya,
689,not changed,Ibmec Sao Paulo,Ibmec Sao Paulo,
690,high,Higher School of Economics,Higher School of Economics,
691,high,Boise State University,Boise State University,
692,high,William Marsh Rice University,Rice University,
693,high,North Central College,North Central College,
694,high,Illinois College,Illinois College,
695,high,Shandong University,Shandong University,
696,high,University of Macau,University of Macau,
697,not changed,Luiss Guido Carli University,Luiss Guido Carli University,
698,high,University of British Columbia,University of British Columbia,
699,high,University Of York,University of York,
700,high,Shanghai University Of Finance And Economics,Shanghai University of Finance and Economics,
701,high,University Of Oxford-Lincoln College,University of Oxford,lincoln college
702,high,Universidade Federal Do Rio Grande Do Sul,Universidade Federal do Rio Grande do Sul,
703,high,Canisius College,Canisius College,
704,high,Furman University,Furman University,
705,high,Universidade Tecnica De Lisboa,Universidade Tecnica de Lisboa,
706,token-96,Instituto TecnolÃ³gico AutÃ³nomo de Mexico,Instituto Tecnológico Autonómo de México,
707,high,Universite Pierre Et Marie Curie (paris Vi),Université Pierre et Marie Curie (Paris VI),
708,high,University Of Auckland,University of Auckland,
709,ratio-93,University of Prishtina,University of Priština,
710,not changed,Eidgenossische Technische Hochschule Zurich,Eidgenossische Technische Hochschule Zurich,
711,partial-100,Wheaton College,Wheaton College Massachusetts,
712,high,Northeastern University,Northeastern University,
713,high,University Of Alabama In Tuscaloosa,University of Alabama - Tuscaloosa,
714,high,Anglia Polytechnic University,Polytechnic University,
715,high,Hampton University,Hampton University,
716,token-100,Oxford University,Oxford Brookes University,
717,high,University Of Oxford-St. Hilda's College,University of Oxford,st hilda's college
718,high,Kwame Nkrumah University of Science and Technology,Kwame Nkrumah University of Science and Technology,
719,not changed,Beijing Institute Civil Engineering/architecture,Beijing Institute Civil Engineering/architecture,
720,not changed,Adolfo Ibanez University,Adolfo Ibanez University,
721,high,Bard College,Bard College,
722,token-100,Athens School Of Economic And Business Sciences,School of Economic Sciences,
723,high,Haverford College,Haverford College,
724,high,Colgate University,Colgate University,
725,high,Taylor University,Taylor University,
726,not changed,"Calif. Polytechnic State Univ., San Luis Obispo","Calif. Polytechnic State Univ., San Luis Obispo",
727,not changed,ITESM -CCM,ITESM -CCM,
728,high,Sichuan University,Sichuan University,
729,high,University Of Waterloo,University of Waterloo,
730,high,Victoria University Of Wellington,Victoria University of Wellington,
731,high,Universidad De Lima,Universidad de Lima,
732,high,American University In Bulgaria,American University in Bulgaria,
733,not changed,Scuola Superiore Sant'Anna di Studi Univ. e di Perfezionamento,Scuola Superiore Sant'Anna di Studi Univ. e di Perfezionamento,
734,high,Kyunghee University,Kyunghee University,
735,high,Wuhan University of Technology,Wuhan University of Technology,
736,high,"Indian Institute Of Technology, Madras","Indian Institute of Technology, Madras",
737,high,Vietnam National University,National University,
738,high,University Of London-University College,University of London,university college
739,token-98,"Paris Sorbonne University, Paris IV",Université Paris-Sorbonne (Paris IV),
740,high,Agnes Scott College,Agnes Scott College,
741,high,University Of Massachusetts At Amherst,University of Massachusetts at Amherst,
742,high,University Of Minnesota--Duluth,University of Minnesota - Duluth,
743,not changed,Rijksuniversiteit Groningen,Rijksuniversiteit Groningen,
744,ratio-94,Friedrich-Alexander-Universitat Erlangen-Nurnberg,Friedrich-Alexander Universität Erlangen-Nürnberg,
745,not changed,University of Castilla-La Mancha,University of Castilla-La Mancha,
746,high,University Of Canterbury,University of Canterbury,
747,high,Dartmouth College,Dartmouth College,
748,high,Berklee College Of Music,Berklee College of Music,
749,not changed,Eafit University,Eafit University,
750,not changed,Universita Degli Studi Di Trieste,Universita Degli Studi Di Trieste,
751,high,University Of Nigeria,University of Nigeria,
752,high,Katholieke Universiteit Leuven,Katholieke Universiteit Leuven,
753,not changed,Instituto Tecnológico Autónomo de México (ITAM),Instituto Tecnológico Autónomo de México (ITAM),
754,not changed,LUISS Guido Carli University,LUISS Guido Carli University,
755,not changed,IBMEC,IBMEC,
756,high,Auburn University Main Campus,Auburn University,
757,high,Cornell College,Cornell University,college
758,high,University Of Oxford-St. Catharine's College,University of Oxford,st catharine's college
759,high,University Of Cambridge,University of Cambridge,
760,high,Gonzaga University,Gonzaga University,
761,high,Muhlenberg College,Muhlenberg College,
762,high,Soka University of America,Soka University of America,
763,high,Sung Kyun Kwan University,Sung Kyun Kwan University,
764,not changed,Instituto Tecnologico Autonomo de Mexico ITAM,Instituto Tecnologico Autonomo de Mexico ITAM,
765,not changed,International Academy of Business,International Academy of Business,
766,high,University Of Manchester,University of Manchester,
767,high,Maharaja Sayajirau University Of Baroda,Maharaja Sayajirao University of Baroda,
768,high,Augsburg College,Augsburg College,
769,high,Universidade Federal De Minas Gerais,Universidade Federal de Minas Gerais,
770,high,Rhodes College,Rhodes College,
771,high,University Of Kentucky,University of Kentucky,
772,not changed,Karl-Franzens-Universitat Graz,Karl-Franzens-Universitat Graz,
773,not changed,Universita degli Studi di Roma 'La Sapienza',Universita degli Studi di Roma 'La Sapienza',
774,high,Aoyama Gakuin University,Aoyama Gakuin University,
775,high,"University Of California, San Diego","University of California, San Diego",
776,high,Universidad Nacional De La Plata,Universidad Nacional de La Plata,
777,not changed,Robert Morris University,Robert Morris University,
778,high,Sogang Univesity,Sogang University,
779,high,Universidad De Buenos Aires,Universidad de Buenos Aires,
780,high,"University Of Maryland, Baltimore County",University of Maryland Baltimore County,
781,high,Victoria University Of Technology,Victoria University,
782,high,University Of Dallas,University of Dallas,
783,high,University Of Maryland At College Park (umcp),University of Maryland,college park umcp
784,partial-97,Universidad Catolica De Santiago,Universidad Católica de Santiago del Estero,
785,high,Hanoi National University,National University,
786,not changed,Ecole Centrale De Paris,Ecole Centrale De Paris,
787,high,Connecticut College,Connecticut College,
788,high,Universidad Nacional San Cristobal de Huamanga,Universidad Nacional de San Cristóbal de Huamanga,
789,token-100,University of Potsdam,State University of New York College at Potsdam,
790,high,International Islamic University,International Islamic University,
791,partial-100,Hong Kong Polytechnic,Hong Kong Polytechnic University,
792,high,Universidad Anahuac,Universidad Anáhuac,
793,high,Beijing Foreign Studies University,Beijing Foreign Studies University,
794,high,Kalamazoo College,Kalamazoo College,
795,not changed,University of Brasilia,University of Brasilia,
796,high,University Of London-Royal Holloway College,University of London,royal holloway college
797,high,Loyola Marymount University,Loyola Marymount University,
798,high,Middle Tennessee State University,Middle Tennessee State University,
799,high,Shanghai Jiao Tong University,Shanghai Jiaotong University,
800,high,Loyola University Of Chicago,Loyola University of Chicago,
801,not changed,Manipal Institute Of Technology,Manipal Institute Of Technology,
802,high,Universidade Federal do Rio de Janeiro,Universidade Federal do Rio de Janeiro,
803,not changed,Universite Antilles,Universite Antilles,
804,high,University Of Edinburgh,University of Edinburgh,
805,not changed,Instituto Tecnologico Autonomo de Mexico (ITAM),Instituto Tecnologico Autonomo de Mexico (ITAM),
806,not changed,Academy of National Economy under the Russian Government,Academy of National Economy under the Russian Government,
807,high,Dnipropetrovs'k National University,Dnepropetrovsk National University,
808,high,Loyola University New Orleans,Loyola University New Orleans,
809,ratio-94,Ludwig-Maximillians-Universitat Munchen,Ludwig-Maximilians-Universität München,
810,high,"University Of Michigan, Ann Arbor",University of Michigan,
811,not changed,Universita Cattolica Del Sacro Cuore,Universita Cattolica Del Sacro Cuore,
812,not changed,Universiteit Maastricht,Universiteit Maastricht,
813,high,Soka Univeristy of America,Soka University of America,
814,high,University Of Bergen,University of Bergen,
815,high,Mcmaster University,McMaster University,
816,high,Universidad Catolica Andres Bello,Universidad Católica Andres Bello,
817,not changed,Huhhot,Huhhot,
818,not changed,Universita Degli Studi di Pisa,Universita Degli Studi di Pisa,
819,partial-100,Vanguard University,Vanguard University of Southern California,
820,high,Universidad De Concepcion,Universidad de Concepcion,
821,high,Jadavpur University,Jadavpur University,
822,high,Temple University,Temple University,
823,high,Covenant College,Covenant College,
824,high,Universidad Nacional Mayor De San Marcos,Universidad Nacional Mayor de San Marcos,
825,high,Rheinische Friedrich-Wilhelms-Universitat Bonn,Rheinische Friedrich-Wilhelms Universität Bonn,
826,not changed,Norges Handelshoyskole,Norges Handelshoyskole,
827,high,East China University of Science and Technology,East China University of Science and Technology,
828,high,Lebanese American University,Lebanese American University,
829,high,Trent University,Trent University,
830,high,Zhejiang Gongshang University,Zhejiang Gongshang University,
831,high,University Of Miami,University of Miami,
832,high,Hanyang University,Hanyang University,
833,not changed,Universitat Wien,Universitat Wien,
834,not changed,Johann Wolfgang Goethe-Universitat Frankfurt,Johann Wolfgang Goethe-Universitat Frankfurt,
835,high,Siena College,Siena College,
836,high,Ferdowsi University of Mashhad,Ferdowsi University of Mashhad,
837,ratio-93,Southern Illinois University--Edwardsville,Southern Illinois University at Edwardsville,
838,not changed,University Of Bayreuth,University Of Bayreuth,
839,high,University of Bristol,University of Bristol,
840,not changed,Sophia College for Women,Sophia College for Women,
841,high,Birla Institute Of Technology & Science,Birla Institute of Technology and Science,
842,high,University Of Houston--University Park,University of Houston,
843,high,universidad de los andes,Universidad de Los Andes,
844,not changed,Escola De Administracao De Empresas De Sao Paulo,Escola De Administracao De Empresas De Sao Paulo,
845,high,Indian Institute of Technology Delhi,"Indian Institute of Technology, Delhi",
846,high,University Of South Carolina,University of South Carolina,
847,high,Kenyon College,Kenyon College,
848,high,St. Vincent College,St. Vincent College,
849,not changed,Ryerson Polytechnic Institute,Ryerson Polytechnic Institute,
850,high,Open University Of Israel,Open University of Israel,
851,high,Keio University,Keio University,
852,partial-100,Huaqiao University,Huaqiao University Quanzhuo,
853,high,University College Utrecht (Utrecht University),Utrecht University,university college utrecht
854,high,University Of Minnesota-Morris,University of Minnesota - Morris,
855,ratio-91,Helsinki School Of Econ. & Business Administration,Helsinki School of Economics and Business Administration,
856,high,University of St. Andrews,University of St. Andrews,
857,high,University Of Manitoba,University of Manitoba,
858,high,Pontificia Universidad Catolica Del Ecuador,Pontificia Universidad Católica del Ecuador,
859,high,Xian Jiaotong University,Xi'an Jiaotong University,
860,high,Occidental College,Occidental College,
861,high,University of Science and Technology of China,University of Science and Technology of China,
862,high,Beijing Forestry University,Beijing Forestry University,
863,high,University Of Colorado At Denver,University of Colorado at Denver,
864,high,Ohio University,Ohio University,
865,high,Mersin University,Mersin University,
866,high,La Trobe University,La Trobe University,
867,high,Harvey Mudd College,Harvey Mudd College,
868,high,Creighton University,Creighton University,
869,high,University Of Science And Technology Beijing,University of Science and Technology Beijing,
870,high,St. Mary's College Of Maryland,St. Mary's College of Maryland,
871,high,"Long Island University, C. W. Post Center",Long Island University,c w post center
872,high,University Of South Florida,University of South Florida,
873,high,University Of Central Florida,University of Central Florida,
874,partial-100,Virginia Polytechnic Institute and State University,Virginia Polytechnic Institute and State University (Virginia Tech),
875,high,University Of Kerala,University of Kerala,
876,high,"California State University, Fullerton","California State University, Fullerton",
877,high,Virginia Commonwealth University,Virginia Commonwealth University,
878,high,Suffolk University,Suffolk University,
879,partial-96,Escola Politecnica da Universidade de Sao Paulo,Universidade de São Paulo,
880,ratio-93,Universidad Cristobal Colon,Universidad Cristóbal Colón,
881,not changed,Humboldt University of Berlin,Humboldt University of Berlin,
882,high,Union College,Union College,
883,high,Kansas State University,Kansas State University,
884,not changed,MS Ramaiah institute Of Technology,MS Ramaiah institute Of Technology,
885,not changed,University Of Indonesia,University Of Indonesia,
886,high,Iowa State University of Science and Technology,Iowa State University of Science and Technology,
887,not changed,Pont Univ of the Holy Cross,Pont Univ of the Holy Cross,
888,high,El Colegio De Mexico,El Colegio de México,
889,high,University Of Nebraska At Omaha,University of Nebraska - Omaha,
890,high,New Economic School,New Economic School,
891,not changed,Universite De Neuchatel,Universite De Neuchatel,
892,not changed,Center for Economic Research & Graduate Education-Econ. Inst.,Center for Economic Research & Graduate Education-Econ. Inst.,
893,high,Central Michigan University,Central Michigan University,
894,not changed,Chinese Academy Of Social Sciences,Chinese Academy Of Social Sciences,
895,high,Universidad Autonoma De Madrid,Universidad Autónoma de Madrid,
896,high,Barcelona Graduate School of Economics,Barcelona Graduate School of Economics,
897,not changed,Collegio Carlo Alberto,Collegio Carlo Alberto,
898,high,York University,York University,
899,high,Georgia State University,Georgia State University,
900,high,University Of Oxford-Nuffield College,University of Oxford,nuffield college
901,high,Queens University,Queens University,
902,high,Gordon-Conwell Theological Seminary,Gordon Conwell Theological Seminary,
903,high,TERI University,Tenri University,
904,high,Tbilisi State University,Tbilisi State University,
905,not changed,Ecoles Des Hautes Etudes En Sciences Sociales,Ecoles Des Hautes Etudes En Sciences Sociales,
906,high,"University of Banja Luka, Faculty of Economics",University of Banja Luka,
907,high,University Of Denver,University of Denver,
908,partial-97,Otto-von-Guericke Universitat,Otto-von-Guericke Universität Magdeburg,
909,high,University Of Nottingham,University of Nottingham,
910,high,University Of Cambridge-Clare Hall,University of Cambridge,
911,high,University Of Essex,University of Essex,
912,not changed,The Graduate Institute Of International and Development Studies,The Graduate Institute Of International and Development Studies,
913,high,Western Illinois University,Western Illinois University,
914,not changed,Universita degli Studi di Roma Tor Vergata (CIES),Universita degli Studi di Roma Tor Vergata (CIES),
915,high,National Tsing Hua University,National Tsinghua University,
916,high,Hosei University,Hosei University,
917,high,State University Of New York At Albany,State University of New York at Albany,
918,high,Cranfield University,Cranfield University,
919,high,Illinois Institute Of Technology,Illinois Institute of Technology,
920,high,University Of Dar Es Salaam,University of Dar Es Salaam,
921,high,Universite Des Sciences Sociales (toulouse I),Université des Sciences Sociales (Toulouse I),
922,not changed,Università degli studi di Roma Tor Vergata,Università degli studi di Roma Tor Vergata,
923,high,University Of Greenwich,University of Greenwich,
924,ratio-91,Institute for Advanced Studies,Institute for Advanced Studies Lucca,
925,high,Montana State University,Montana State University,
926,not changed,Centro De Estudios Monetarios Y Financieros,Centro De Estudios Monetarios Y Financieros,
927,high,Pepperdine University,Pepperdine University,
928,high,Indian Statistical Institute,Indian Statistical Institute,
929,high,Murdoch University,Murdoch University,
930,high,University of Bologna,University of Bologna,
931,ratio-94,Shahid Beheshti University,Shaheed Beheshti University,
932,high,University Of Cambridge-Peterhouse,University of Cambridge,
933,not changed,Universite Toulouse I,Universite Toulouse I,
934,token-100,Humboldt University,Humboldt State University,
935,high,State University Of New York At Buffalo,State University of New York at Buffalo,
936,not changed,Johns Hopkins Univ. Paul H. Nitze School of Adv. Int'l Studies,Johns Hopkins Univ. Paul H. Nitze School of Adv. Int'l Studies,
937,high,Presidency University,Presidency University,
938,not changed,"Postgradaute Institute of Management, University of Sri Jayeward","Postgradaute Institute of Management, University of Sri Jayeward",
939,not changed,Humboldt University in Berlin,Humboldt University in Berlin,
940,high,Waseda University,Waseda University,
941,high,"California State University, Hayward","California State University, Hayward",
942,high,Vrije Universiteit Brussel,Vrije Universiteit Brussel,
943,high,Stockholm School Of Economics,Stockholm School of Economics,
944,high,"Indian Institute Of Technology, Kanpur","Indian Institute of Technology, Kanpur",
945,not changed,Ecole Superieure d'Electricite-SUPELEC,Ecole Superieure d'Electricite-SUPELEC,
946,high,Kyiv School of Economics,Kiev School Of Economics,
947,high,Wroclaw University of Technology,University of Technology,
948,not changed,Indian Institute of Management Ahmedabad,Indian Institute of Management Ahmedabad,
949,high,Roosevelt University,Roosevelt University,
950,high,University Of Guelph,University of Guelph,
951,not changed,Bergische Universitaet Wuppertal,Bergische Universitaet Wuppertal,
952,high,"Columbia University, Barnard College",Columbia University,barnard college
953,not changed,Toulouse school of Economics(M2),Toulouse school of Economics(M2),
954,high,Georgia Institute Of Technology,Georgia Institute of Technology,
955,high,University Of Missouri--Kansas City,University of Missouri - Kansas City,
956,token-100,Universidad Colegio Mayor de Nuestra Senora del Ro,Universidad Mayor,
957,not changed,"Korea Development Institute, School of Pub. Policy & Management","Korea Development Institute, School of Pub. Policy & Management",
958,high,Oklahoma State University--Main Campus,Oklahoma State University,
959,high,University Of Leicester,University of Leicester,
960,not changed,Groupe HEC,Groupe HEC,
961,high,University Of Memphis,University of Memphis,
962,high,University Of Wisconsin--Milwaukee,University of Wisconsin - Milwaukee,
963,high,University Of Cambridge-Pembroke College,University of Cambridge,pembroke college
964,high,Kent State University,Kent State University,
965,not changed,Universita Commerciale 'Luigi Bocconi',Universita Commerciale 'Luigi Bocconi',
966,ratio-91,Tulane University,Ulsan University,
967,not changed,Instituto De Matematica Pura E Aplicada,Instituto De Matematica Pura E Aplicada,
968,high,Pontificia Universidad Catolica Del Peru,Pontificia Universidad Católica del Perú,
969,high,Azusa Pacific University,Azusa Pacific University,
970,not changed,Instituto Tecnólogico de México (ITAM),Instituto Tecnólogico de México (ITAM),
971,high,University Of Texas At Dallas,University of Texas at Dallas,
972,high,Institute Of Social Studies,Institute of Social Studies,
973,high,University Of North Carolina At Charlotte,University of North Carolina at Charlotte,
974,high,University Of Kent At Canterbury,University of Kent,
975,high,San Francisco State University,San Francisco State University,
976,high,University of Oulu,University of Oulu,
977,high,University Of Wisconsin- Madison,University of Wisconsin - Madison,
978,high,Universidad Alberto Hurtado,Universidad Alberto Hurtado,
979,not changed,UFSCAR,UFSCAR,
980,high,University Of Helsinki,University of Helsinki,
981,high,Xi`an Jiaotong University,Xi'an Jiaotong University,
982,high,Florida Atlantic University,Florida Atlantic University,
983,high,"California State University, Long Beach","California State University, Long Beach",
984,not changed,Centre for Development Studies,Centre for Development Studies,
985,high,Washington State University,Washington State University,
